,coup_id,cowcode,country,year,month,day,event_type,unrealized,realized,conspiracy,attempt,military,dissident,rebel,palace,foreign,auto,resign,popular,counter,other,noharm,injured,killed,harrest,jailed,tried,fled,exile
0,43910302014,439,Burkina Faso,2014,10,30,coup,0,1,0,0,1,0,0,0,0,0,0,1,0,0,1,0,0,0,0,0,1,0
1,51605132015,516,Burundi,2015,5,13,attempted,1,0,0,1,1,0,0,0,0,0,0,0,0,0,1,0,0,0,0,0,0,0
2,48304132006,483,Chad,2006,4,13,attempted,1,0,0,1,0,1,0,0,0,0,0,0,0,0,1,0,0,0,0,0,0,0
3,65102112011,651,Egypt,2011,2,11,coup,0,1,0,0,1,0,0,0,0,0,1,1,0,0,1,0,0,0,1,1,0,0
4,65107032013,651,Egypt,2013,7,3,coup,0,1,0,0,1,0,0,0,0,0,0,0,0,0,1,0,0,0,1,1,0,0
5,95012052006,950,Fiji,2006,12,5,coup,0,1,0,0,1,0,0,0,0,0,0,0,0,0,1,0,0,1,0,0,0,0
6,43812232008,438,Guinea,2008,12,23,coup,0,1,0,0,1,0,0,0,0,0,0,0,0,0,1,0,0,0,0,0,0,0
7,43807192011,438,Guinea,2011,7,19,attempted,1,0,0,1,1,1,0,0,0,0,0,0,0,0,1,0,0,0,0,0,0,0
8,40411232008,404,Guinea-Bissau,2008,11,23,attempted,1,0,0,1,1,0,0,0,0,0,0,0,0,0,1,0,0,0,0,0,0,0
9,40404012010,404,Guinea-Bissau,2010,4,1,attempted,1,0,0,1,1,0,0,0,0,0,0,0,0,0,1,0,0,0,0,0,0,0
10,40404122012,404,Guinea-Bissau,2012,4,12,coup,0,1,0,0,1,0,0,0,0,0,0,0,0,0,1,0,0,0,1,0,0,1
11,9106282009,91,Honduras,2009,6,28,coup,0,1,0,0,1,0,0,1,0,0,0,0,0,0,1,0,0,0,0,0,0,1
12,57008302014,570,Lesotho,2014,8,30,attempted,1,0,0,1,1,0,0,0,0,0,0,0,0,0,1,0,0,0,0,0,0,0
13,58003172009,580,Madagascar,2009,3,17,coup,0,1,0,0,1,0,0,0,0,0,1,1,0,0,1,0,0,0,0,0,0,1
14,58011172010,580,Madagascar,2010,11,17,attempted,1,0,0,1,1,0,0,0,0,0,0,0,0,0,1,0,0,0,0,0,0,0
15,78102072012,781,Maldives,2012,2,7,coup,0,1,0,0,0,0,0,0,0,0,1,1,0,0,1,0,0,0,0,0,0,0
16,43203222012,432,Mali,2012,3,22,coup,0,1,0,0,1,0,0,0,0,0,0,0,0,0,1,0,0,0,0,0,0,0
17,43205012012,432,Mali,2012,5,1,attempted,1,0,0,1,1,0,0,0,0,0,0,0,0,0,1,0,0,0,0,0,0,0
18,43508062008,435,Mauritania,2008,8,6,coup,0,1,0,0,1,0,0,0,0,0,0,0,0,0,1,0,0,0,1,0,0,0
19,43602182010,436,Niger,2010,2,18,coup,0,1,0,0,1,0,0,0,0,0,0,0,0,0,1,0,0,0,1,0,0,0
20,91001262012,910,Papua New Guinea,2012,1,26,attempted,1,0,0,1,1,0,0,0,0,0,0,0,0,0,1,0,0,0,0,0,0,0
21,62511222012,625,Sudan,2012,11,22,conspiracy,1,0,1,0,1,0,0,0,0,0,0,0,0,0,1,0,0,0,0,0,0,0
22,80009192006,800,Thailand,2006,9,19,coup,0,1,0,0,1,0,0,0,0,0,0,0,0,0,1,0,0,0,0,1,1,0
23,80005222014,800,Thailand,2014,5,22,coup,0,1,0,0,1,0,0,0,0,0,0,0,0,0,1,0,0,0,1,1,1,0
24,36902222014,369,Ukraine,2014,2,22,coup,0,1,0,0,0,0,0,0,0,0,0,1,0,0,1,0,0,0,0,0,1,0
25,61504022019,615,Algeria,2019,4,2,coup,0,1,0,0,1,0,0,0,0,0,1,1,0,0,1,0,0,0,0,0,0,0
26,43909162015,439,Burkina Faso,2015,9,16,coup,0,1,0,0,1,0,0,0,0,0,0,0,0,0,1,0,0,0,1,0,0,0
27,86002112008,860,East Timor,2008,2,11,attempted,1,0,0,1,0,1,0,0,0,0,0,0,0,0,0,1,0,0,0,0,0,0
28,48101072019,481,Gabon,2019,1,7,attempted,1,0,0,1,1,0,0,0,0,0,0,0,0,0,1,0,0,0,0,0,0,0
29,42012302014,420,Gambia,2014,12,30,attempted,1,0,0,1,1,0,0,0,0,0,0,0,0,0,1,0,0,0,0,0,0,0
30,47505002017,475,Nigeria,2017,5,0,conspiracy,1,0,1,0,1,0,0,0,0,0,0,0,0,0,1,0,0,0,0,0,0,0
31,62612152013,626,South Sudan,2013,12,15,attempted,1,0,0,1,1,0,0,0,0,0,0,0,0,0,1,0,0,0,0,0,0,0
32,62504112019,625,Sudan,2019,4,11,coup,0,1,0,0,1,0,0,0,0,0,0,1,0,0,1,0,0,1,0,0,0,0
33,61601142011,616,Tunisia,2019,1,14,coup,0,1,0,0,0,0,0,0,0,0,1,1,0,0,1,0,0,0,0,0,1,0
34,10101232019,101,Venezuela,2019,1,23,attempted,1,0,0,1,0,1,0,0,1,0,0,1,0,0,1,0,0,0,0,0,0,0
35,10104302019,101,Venezuela,2019,4,30,attempted,1,0,0,1,1,1,0,0,1,0,0,1,0,0,1,0,0,0,0,0,0,0
36,67901272011,679,Yemen,2011,1,27,attempted,1,0,0,1,0,0,0,0,0,0,0,1,0,0,1,0,0,0,0,0,0,0
37,67901222015,679,Yemen,2015,1,22,coup,0,1,0,0,0,0,1,0,0,0,0,0,0,0,1,0,0,0,1,0,0,0
38,55211152017,552,Zimbabwe,2017,11,15,coup,0,1,0,0,1,0,0,0,0,0,0,0,0,0,1,0,0,0,1,0,0,0
39,70304082010,703,Kyrgyzstan,2010,4,8,coup,0,1,0,0,0,0,0,0,0,0,0,1,0,0,1,0,0,0,0,0,1,0
40,37107172016,371,Armenia,2016,7,17,attempted,1,0,0,1,0,1,0,0,0,0,0,0,0,0,1,0,0,0,0,0,0,0
41,48302022008,483,Chad,2008,2,2,attempted,1,0,0,1,0,0,1,0,1,0,0,0,0,0,1,0,0,0,0,0,0,0
42,43812032009,438,Guinea,2009,12,3,attempted,1,0,0,1,0,0,0,1,0,0,0,0,0,0,0,1,0,0,0,0,0,0
43,81206052007,812,Laos,2007,6,5,conspiracy,1,0,1,0,0,1,0,0,0,0,0,0,0,0,1,0,0,0,0,0,0,0
44,62002172011,620,Libya,2011,2,17,coup,0,1,0,0,0,0,1,0,0,0,0,1,0,0,0,0,1,0,0,0,0,0
45,62005182014,620,Libya,2014,5,18,attempted,1,0,0,1,1,0,0,0,0,0,0,0,0,0,1,0,0,0,0,0,0,0
46,34110162016,341,Montenegro,2016,10,16,conspiracy,1,0,1,0,0,1,0,0,1,0,0,0,0,0,1,0,0,0,0,0,0,0
47,64007152016,640,Turkey,2016,7,15,attempted,1,0,0,1,1,0,0,0,0,0,0,0,0,0,1,0,0,0,0,0,0,0
48,43706122012,437,Ivory Coast,2012,6,12,conspiracy,1,0,1,0,1,0,0,0,0,0,0,0,0,0,1,0,0,0,0,0,0,0
49,53101212013,531,Eritrea,2013,1,21,attempted,1,0,0,1,1,0,0,0,0,0,0,0,0,0,1,0,0,0,0,0,0,0
50,48305012013,483,Chad,2013,5,1,conspiracy,1,0,1,0,1,1,0,0,0,0,0,0,0,0,1,0,0,0,0,0,0,0
51,49012302013,480,Democratic Republic of the Congo,2013,12,30,attempted,1,0,0,1,0,1,0,0,0,0,0,0,0,0,1,0,0,0,0,0,0,0
52,43910082016,439,Burkina Faso,2016,10,8,conspiracy,1,0,1,0,1,1,0,0,0,0,0,0,0,0,1,0,0,0,0,0,0,0
53,84002242006,840,Philippines,2006,2,24,conspiracy,1,0,1,0,1,0,0,0,0,0,0,0,0,0,1,0,0,0,0,0,0,0
54,55203102006,552,Zimbabwe,2006,3,10,conspiracy,1,0,1,0,0,1,0,0,0,0,0,0,0,0,1,0,0,0,0,0,0,0
55,48303152006,483,Chad,2006,3,15,conspiracy,1,0,1,0,1,1,0,0,0,0,0,0,0,0,1,0,0,0,0,0,0,0
56,42003232006,420,Gambia,2006,3,23,conspiracy,1,0,1,0,1,1,0,0,0,0,0,0,0,0,1,0,0,0,0,0,0,0
57,51608022006,516,Burundi,2006,8,2,conspiracy,1,0,1,0,1,1,0,0,0,0,0,0,0,0,1,0,0,0,0,0,0,0
58,37209062006,372,Georgia,2006,9,6,conspiracy,1,0,1,0,0,1,0,0,0,0,0,0,0,0,1,0,0,0,0,0,0,0
59,58011182006,580,Madagascar,2006,11,18,attempted,1,0,0,1,1,0,0,0,0,0,0,0,0,0,1,0,0,0,0,0,0,0
60,55205292007,552,Zimbabwe,2007,5,29,conspiracy,1,0,1,0,1,1,0,0,0,0,0,0,0,0,1,0,0,0,0,0,0,0
61,84011292007,840,Zimbabwe,2007,11,29,attempted,1,0,0,1,1,1,0,0,0,0,0,0,0,0,1,0,0,0,0,0,0,0
62,40408082008,404,Guinea-Bissau,2008,8,8,conspiracy,1,0,1,0,1,0,0,0,0,0,0,0,0,0,1,0,0,0,0,0,0,0
63,57004222009,570,Lesotho,2009,4,22,attempted,1,0,0,1,0,1,0,0,0,0,0,0,0,0,1,0,0,0,0,0,0,0
64,53004242009,530,Ethiopia,2009,4,24,conspiracy,1,0,1,0,1,1,0,0,0,0,0,0,0,0,1,0,0,0,0,0,0,0
65,64002222010,640,Turkey,2010,2,22,conspiracy,1,0,1,0,1,1,0,0,0,0,0,0,0,0,1,0,0,0,0,0,0,0
66,69206152011,692,Bahrain,2011,6,15,conspiracy,1,0,1,0,0,1,0,0,0,0,0,0,0,0,1,0,0,0,0,0,0,0
67,77101192012,771,Bangladesh,2012,1,19,conspiracy,1,0,1,0,1,1,0,0,0,0,0,0,0,0,1,0,0,0,0,0,0,0
68,40410212012,404,Guinea-Bissau,2012,10,21,attempted,1,0,0,1,0,1,0,0,0,0,0,0,0,0,1,0,0,0,0,0,0,0
69,10102122015,101,Venezuela,2015,2,12,conspiracy,1,0,1,0,1,1,0,0,0,0,0,0,0,0,1,0,0,0,0,0,0,0
70,43612172015,436,Niger,2015,12,17,conspiracy,1,0,1,0,1,0,0,0,0,0,0,0,0,0,1,0,0,0,0,0,0,0
71,70003101963,700,Afghanistan,1963,3,10,coup,0,1,0,0,0,0,0,0,0,1,0,0,0,0,1,0,0,0,0,0,0,0
72,70007171973,700,Afghanistan,1973,7,17,coup,0,1,0,0,1,0,0,0,0,0,0,0,0,0,1,0,0,0,0,0,1,0
73,70009201973,700,Afghanistan,1973,9,20,attempted,1,0,0,1,1,1,0,0,0,0,0,0,0,0,1,0,0,0,0,0,0,0
74,70011301973,700,Afghanistan,1976,11,26,conspiracy,1,0,1,0,1,1,0,0,0,0,0,0,0,0,1,0,0,0,0,0,0,0
75,70004271978,700,Afghanistan,1978,4,27,coup,0,1,0,0,1,1,0,0,0,0,0,0,0,0,0,0,1,0,0,0,0,0
76,70003271979,700,Afghanistan,1979,3,27,coup,0,1,0,0,0,0,0,0,0,0,0,0,0,0,1,0,0,0,0,0,0,0
77,70012271979,700,Afghanistan,1979,12,27,coup,0,1,0,0,0,1,0,0,0,0,0,0,0,0,0,0,1,0,0,0,0,0
78,70003061990,700,Afghanistan,1990,3,6,attempted,1,0,0,1,1,0,0,0,0,0,0,0,0,0,1,0,0,0,0,0,0,0
79,70004161992,700,Afghanistan,1992,4,16,coup,0,1,0,0,0,0,1,0,0,0,0,0,0,0,1,0,0,0,0,0,0,0
80,70009271996,700,Afghanistan,1996,9,27,coup,0,1,0,0,0,0,1,0,0,0,0,0,0,0,1,0,0,0,0,0,1,0
81,70011132001,700,Afghanistan,2001,11,13,coup,0,1,0,0,0,0,1,0,1,0,0,0,0,0,1,0,0,0,0,0,0,0
82,33909091946,339,Albania,1946,9,9,conspiracy,1,0,1,0,0,1,0,0,1,0,0,0,0,0,1,0,0,0,0,0,0,0
83,33909131998,339,Albania,1998,9,13,attempted,1,0,0,1,0,0,0,0,0,0,0,1,0,0,1,0,0,0,0,0,0,0
84,61508081962,615,Algeria,1962,8,8,coup,0,1,0,0,0,0,0,1,0,0,1,0,0,0,1,0,0,0,0,0,0,0
85,61506301964,615,Algeria,1964,6,30,attempted,1,0,0,1,1,0,0,0,0,0,0,0,0,0,1,0,0,0,0,0,0,0
86,61506191965,615,Algeria,1965,6,19,coup,0,1,0,0,1,0,0,0,0,0,0,0,0,0,1,0,0,0,0,0,0,0
87,61512141967,615,Algeria,1967,12,14,attempted,1,0,0,1,1,0,0,0,0,0,0,0,0,0,1,0,0,0,0,0,0,0
88,61506061991,615,Algeria,1991,6,6,coup,0,1,0,0,0,0,0,0,0,1,0,0,0,0,1,0,0,0,0,0,0,0
89,61501111992,615,Algeria,1992,1,11,coup,0,1,0,0,1,0,0,0,0,0,0,0,0,0,1,0,0,0,0,0,0,0
90,61507021992,615,Algeria,1992,7,2,coup,0,1,0,0,0,0,0,0,0,0,0,0,0,0,1,0,0,0,0,0,0,0
91,61501311994,615,Algeria,1994,1,31,coup,0,1,0,0,0,0,0,1,0,0,0,0,0,0,1,0,0,0,0,0,0,0
92,54011111975,540,Angola,1975,11,11,coup,0,1,0,0,0,0,1,0,0,0,0,0,0,0,1,0,0,0,0,0,0,0
93,54005271977,540,Angola,1977,5,27,attempted,1,0,0,1,1,1,0,1,0,0,0,0,0,0,1,0,0,0,0,0,0,0
94,16009281951,160,Argentina,1951,9,28,attempted,1,0,0,1,1,0,0,0,0,0,0,0,0,0,1,0,0,0,0,0,0,0
95,16002031952,160,Argentina,1952,2,3,conspiracy,1,0,1,0,0,1,0,0,0,0,0,0,1,0,1,0,0,0,0,0,0,0
96,16006161955,160,Argentina,1955,6,16,attempted,1,0,0,1,1,0,0,0,0,0,0,0,0,0,1,0,0,0,0,0,0,0
97,16009161955,160,Argentina,1955,9,16,coup,0,1,0,0,1,0,0,0,0,0,0,0,0,0,1,0,0,0,0,0,1,0
98,16011131955,160,Argentina,1955,11,13,coup,0,1,0,0,1,0,0,1,0,0,0,0,0,0,1,0,0,0,0,0,0,0
99,16006091956,160,Argentina,1956,6,9,attempted,1,0,0,1,1,0,0,0,0,0,0,0,0,0,1,0,0,0,0,0,0,0
100,16002281957,160,Argentina,1957,2,28,conspiracy,1,0,1,0,1,1,0,0,0,0,0,0,0,0,1,0,0,0,0,0,0,0
101,16011301960,160,Argentina,1960,11,30,attempted,1,0,0,1,0,1,0,0,0,0,0,0,0,0,1,0,0,0,0,0,0,0
102,16008111961,160,Argentina,1961,8,11,attempted,1,0,0,1,1,0,0,0,0,0,0,0,0,0,1,0,0,0,0,0,0,0
103,16003281962,160,Argentina,1962,3,28,coup,0,1,0,0,1,0,0,0,0,0,0,0,0,0,1,0,0,1,0,0,0,0
104,16011231962,160,Argentina,1962,11,23,conspiracy,1,0,1,0,0,1,0,0,0,0,0,0,0,0,1,0,0,0,0,0,0,0
105,16004021963,160,Argentina,1963,4,2,attempted,1,0,0,1,1,0,0,0,0,0,0,0,0,0,1,0,0,0,0,0,0,0
106,16006281966,160,Argentina,1966,6,28,coup,0,1,0,0,1,0,0,0,0,0,0,0,0,0,1,0,0,0,0,0,0,0
107,16006081970,160,Argentina,1970,6,8,coup,0,1,0,0,0,0,0,1,0,0,0,1,0,0,1,0,0,0,0,0,0,0
108,16003221971,160,Argentina,1971,3,22,coup,0,1,0,0,0,0,0,1,0,0,0,1,0,0,1,0,0,0,0,0,1,0
109,16005111971,160,Argentina,1971,5,11,conspiracy,1,0,1,0,0,1,0,0,0,0,0,0,0,0,1,0,0,0,0,0,0,0
110,16010081971,160,Argentina,1971,10,8,attempted,1,0,0,1,0,0,0,0,0,0,1,0,0,0,1,0,0,0,0,0,0,0
111,16012181975,160,Argentina,1975,12,18,attempted,1,0,0,1,1,0,0,0,0,0,0,0,0,0,1,0,0,0,0,0,0,0
112,16003241976,160,Argentina,1976,3,24,coup,0,1,0,0,1,0,0,0,0,0,0,0,0,0,1,0,0,0,1,0,0,0
113,16012111981,160,Argentina,1981,12,11,coup,0,1,0,0,0,0,0,0,0,1,0,0,0,0,0,0,0,0,0,0,0,0
114,16006171982,160,Argentina,1982,6,17,coup,0,1,0,0,1,0,0,1,0,0,0,0,0,0,1,0,0,1,0,0,0,0
115,16004171987,160,Argentina,1987,4,17,attempted,1,0,0,1,1,0,0,0,0,0,0,0,0,0,1,0,0,0,0,0,0,0
116,16012021988,160,Argentina,1988,12,2,attempted,1,0,0,1,1,0,0,0,0,0,0,0,0,0,1,0,0,0,0,0,0,0
117,16012031990,160,Argentina,1990,12,3,attempted,1,0,0,1,1,1,0,0,0,0,0,0,0,0,1,0,0,0,0,0,0,0
118,37303061992,373,Azerbaijan,1992,3,6,coup,0,1,0,0,0,0,1,0,0,0,1,1,0,0,1,0,0,0,0,0,0,0
119,37305151992,373,Azerbaijan,1992,5,15,coup,0,1,0,0,0,0,0,0,0,0,0,1,0,0,1,0,0,0,0,0,1,0
120,37310051994,373,Azerbaijan,1994,10,5,attempted,1,0,0,1,0,0,0,0,0,0,1,0,0,0,1,0,0,0,0,0,0,0
121,37303131995,373,Azerbaijan,1995,3,13,attempted,1,0,0,1,1,1,0,0,0,0,1,0,0,0,1,0,0,0,0,0,0,0
122,37310192005,373,Azerbaijan,2005,10,19,conspiracy,1,0,1,0,0,1,0,0,0,0,0,0,0,0,1,0,0,0,0,0,0,0
123,77108151975,771,Bangladesh,1975,8,15,coup,0,1,0,0,1,0,0,0,0,0,0,0,0,0,0,0,1,0,0,0,0,0
124,77111071975,771,Bangladesh,1975,11,7,coup,0,1,0,0,1,0,0,0,0,0,0,0,0,0,1,0,0,0,1,0,0,0
125,77111081976,771,Bangladesh,1975,11,8,coup,0,1,0,0,1,0,0,1,0,0,0,0,0,0,0,0,1,0,0,0,0,0
126,77110021977,771,Bangladesh,1977,10,2,attempted,1,0,0,1,1,1,0,0,0,0,0,0,0,0,1,0,0,0,0,0,0,0
127,77105301981,771,Bangladesh,1981,5,30,attempted,1,0,0,1,1,0,0,0,0,0,0,0,0,0,0,0,1,0,0,0,0,0
128,77103241982,771,Bangladesh,1982,3,24,coup,0,1,0,0,1,0,0,0,0,0,0,0,0,0,1,0,0,0,0,0,0,0
129,77112061990,771,Bangladesh,1990,12,6,coup,0,1,0,0,0,0,0,0,0,0,0,1,0,0,1,0,0,1,0,0,0,0
130,77105201996,771,Bangladesh,1996,5,20,attempted,1,0,0,1,1,0,0,0,0,0,0,0,0,0,1,0,0,0,0,0,0,0
131,43410271963,434,Benin,1963,10,28,coup,0,1,0,0,1,0,0,0,0,0,0,1,0,0,1,0,0,1,0,0,0,0
132,43411291965,434,Benin,1965,11,29,coup,0,1,0,0,1,0,0,1,0,0,0,0,0,0,1,0,0,0,1,0,1,0
133,43412221965,434,Benin,1965,12,22,coup,0,1,0,0,1,0,0,0,0,0,0,0,0,0,1,0,0,0,0,0,0,0
134,43412171967,434,Benin,1967,12,17,coup,0,1,0,0,1,0,0,0,0,0,0,0,0,0,1,0,0,0,0,0,0,0
135,43412101969,434,Benin,1969,12,10,coup,0,1,0,0,1,0,0,0,0,0,0,0,0,0,1,0,0,0,0,0,0,0
136,43402231972,434,Benin,1972,2,23,attempted,1,0,0,1,1,0,0,0,0,0,0,0,0,0,1,0,0,0,0,0,0,0
137,43410261972,434,Benin,1972,10,26,coup,0,1,0,0,1,0,0,0,0,0,0,0,0,0,1,0,0,0,1,0,0,0
138,43401211975,434,Benin,1975,1,21,attempted,1,0,0,1,1,0,0,0,0,0,0,0,0,0,1,0,0,0,0,0,0,0
139,43410191975,434,Benin,1975,10,19,conspiracy,1,0,1,0,0,1,0,0,1,0,0,0,0,0,1,0,0,0,0,0,0,0
140,43401161977,434,Benin,1977,1,16,attempted,1,0,0,1,0,1,0,0,0,0,1,0,0,0,1,0,0,0,0,0,0,0
141,14507211946,145,Bolivia,1946,7,21,coup,0,1,0,0,0,0,0,0,0,0,0,1,0,0,0,0,1,0,0,0,0,0
142,14505291947,145,Bolivia,1947,5,29,conspiracy,1,0,1,0,0,1,0,0,0,0,0,0,0,0,1,0,0,0,0,0,0,0
143,14507221950,145,Bolivia,1950,7,22,attempted,1,0,0,1,1,1,0,0,0,0,0,0,0,0,1,0,0,0,0,0,0,0
144,14505161951,145,Bolivia,1951,5,16,coup,0,1,0,0,0,0,0,0,0,1,0,0,0,0,1,0,0,0,0,0,1,0
145,14504091952,145,Bolivia,1952,4,9,coup,0,1,0,0,0,0,0,0,0,0,0,1,0,0,1,0,0,0,0,0,0,1
146,14501061953,145,Bolivia,1953,1,6,attempted,1,0,0,1,1,1,0,0,0,0,0,0,0,0,1,0,0,0,0,0,0,0
147,14511091953,145,Bolivia,1953,11,9,attempted,1,0,0,1,1,1,0,0,0,0,0,0,0,0,1,0,0,0,0,0,0,0
148,14510211958,145,Bolivia,1958,10,21,attempted,1,0,0,1,0,1,0,0,0,0,0,0,0,0,1,0,0,0,0,0,0,0
149,14504191959,145,Bolivia,1959,4,19,attempted,1,0,0,1,0,1,0,0,0,0,0,0,0,0,1,0,0,0,0,0,0,0
150,14503191960,145,Bolivia,1960,3,19,attempted,1,0,0,1,0,1,0,0,0,0,0,0,0,0,1,0,0,0,0,0,0,0
151,14509291962,145,Bolivia,1962,9,29,conspiracy,1,0,1,0,0,1,0,0,0,0,0,0,0,0,1,0,0,0,0,0,0,0
152,14511031964,145,Bolivia,1964,11,3,coup,0,1,0,0,1,0,0,1,1,0,0,0,0,0,1,0,0,0,0,0,1,0
153,14508211968,145,Bolivia,1968,8,21,attempted,1,0,0,1,1,1,0,0,0,0,0,0,0,0,1,0,0,0,0,0,0,0
154,14509261969,145,Bolivia,1969,9,26,coup,0,1,0,0,1,0,0,0,0,0,0,0,0,0,1,0,0,0,0,0,0,0
155,14510061970,145,Bolivia,1970,10,6,coup,0,1,0,0,1,0,0,0,0,0,1,0,0,0,1,0,0,0,0,0,1,0
156,14510071970,145,Bolivia,1970,10,7,coup,0,1,0,0,1,0,0,0,0,0,0,0,1,0,1,0,0,0,0,0,0,0
157,14501101971,145,Bolivia,1971,1,10,attempted,1,0,0,1,1,0,0,0,0,0,0,0,0,0,1,0,0,0,0,0,0,0
158,14508221971,145,Bolivia,1971,8,22,coup,0,1,0,0,1,0,0,0,1,0,0,0,0,0,1,0,0,0,0,0,0,0
159,14505151973,145,Bolivia,1973,5,15,attempted,1,0,0,1,1,0,0,0,0,0,0,0,0,0,1,0,0,0,0,0,0,0
160,14506051974,145,Bolivia,1974,6,5,attempted,1,0,0,1,1,0,0,0,0,0,0,0,0,0,1,0,0,0,0,0,0,0
161,14511071974,145,Bolivia,1974,11,7,attempted,1,0,0,1,1,1,0,0,0,0,0,0,0,0,1,0,0,0,0,0,0,0
162,14511081974,145,Bolivia,1974,11,8,coup,0,1,0,0,1,0,0,0,0,1,0,0,0,0,1,0,0,0,0,0,0,0
163,14512091977,145,Bolivia,1977,12,9,attempted,1,0,0,1,1,1,0,0,0,0,0,0,0,0,1,0,0,0,0,0,0,0
164,14507211978,145,Bolivia,1978,7,21,coup,0,1,0,0,1,0,0,0,0,0,0,0,0,0,1,0,0,0,0,0,0,0
165,14510291978,145,Bolivia,1978,10,29,conspiracy,1,0,1,0,0,1,0,0,0,0,0,0,0,0,1,0,0,0,0,0,0,0
166,14511241978,145,Bolivia,1978,11,24,coup,0,1,0,0,1,0,0,0,0,0,0,0,0,0,1,0,0,0,0,0,0,0
167,14510111979,145,Bolivia,1979,10,11,attempted,1,0,0,1,1,0,0,0,0,0,0,0,0,0,1,0,0,0,0,0,0,0
168,14511011979,145,Bolivia,1979,11,1,coup,0,1,0,0,1,0,0,0,0,0,0,0,0,0,1,0,0,0,0,0,0,0
169,14511161979,145,Bolivia,1979,11,16,coup,0,1,0,0,1,0,0,0,0,0,1,1,0,0,1,0,0,0,0,0,0,0
170,14507171980,145,Bolivia,1980,7,17,coup,0,1,0,0,1,0,0,0,0,0,0,0,0,0,1,0,0,0,0,0,0,0
171,14505151981,145,Bolivia,1981,5,15,attempted,1,0,0,1,1,1,0,0,0,0,0,0,0,0,1,0,0,0,0,0,0,0
172,14505251981,145,Bolivia,1981,5,25,attempted,1,0,0,1,1,1,0,0,0,0,0,0,0,0,1,0,0,0,0,0,0,0
173,14506271981,145,Bolivia,1981,6,27,attempted,1,0,0,1,1,0,0,0,0,0,0,0,0,0,1,0,0,0,0,0,0,0
174,14508041981,145,Bolivia,1981,8,4,coup,0,1,0,0,0,0,0,1,0,0,1,0,0,0,1,0,0,0,0,0,1,0
175,14507191982,145,Bolivia,1982,7,19,coup,0,1,0,0,0,0,0,1,0,0,0,0,0,0,1,0,0,0,0,0,0,0
176,14506301984,145,Bolivia,1984,6,30,attempted,1,0,0,1,0,0,0,0,0,0,0,0,0,0,1,0,0,0,0,0,0,0
177,14512291984,145,Bolivia,1984,12,29,conspiracy,1,0,1,0,1,0,0,0,0,0,0,0,0,0,1,0,0,0,0,0,0,0
178,14010291945,140,Brazil,1945,10,29,coup,0,1,0,0,1,0,0,0,0,0,1,0,0,0,0,0,0,0,1,0,0,0
179,14011111955,140,Brazil,1955,11,11,coup,0,1,0,0,1,0,0,0,0,0,0,0,0,0,1,0,0,0,0,0,0,0
180,14012031959,140,Brazil,1959,12,3,attempted,1,0,0,1,1,1,0,0,0,0,0,0,0,0,1,0,0,0,0,0,0,0
181,14008261961,140,Brazil,1961,8,26,coup,0,1,0,0,1,0,0,1,0,0,0,0,0,0,1,0,0,0,0,0,0,0
182,14009121963,140,Brazil,1963,9,12,attempted,1,0,0,1,1,0,0,0,0,0,0,0,0,0,1,0,0,0,0,0,0,0
183,14004011964,140,Brazil,1964,4,1,coup,0,1,0,0,1,1,0,0,0,0,0,0,0,0,1,0,0,0,0,0,1,0
184,14008311969,140,Brazil,1969,8,31,coup,0,1,0,0,1,0,0,0,0,0,0,0,0,0,1,0,0,0,0,0,0,0
185,35511101989,355,Bulgaria,1989,11,10,coup,0,1,0,0,0,0,0,1,0,0,1,0,0,0,1,0,0,0,0,0,0,0
186,43901031966,439,Burkina Faso,1966,1,3,coup,0,1,0,0,1,0,0,0,0,0,1,1,0,0,1,0,0,0,0,0,0,0
187,43902081974,439,Burkina Faso,1974,2,8,coup,0,1,0,0,1,0,0,0,0,0,0,0,0,0,1,0,0,0,0,0,0,0
188,43911251980,439,Burkina Faso,1980,11,25,coup,0,1,0,0,1,0,0,0,0,0,0,0,0,0,1,0,0,0,0,0,0,0
189,43911071982,439,Burkina Faso,1982,11,7,coup,0,1,0,0,1,0,0,0,0,0,0,0,0,0,1,0,0,0,1,0,0,0
190,43908041983,439,Burkina Faso,1983,8,4,coup,0,1,0,0,1,0,0,0,0,0,0,0,0,0,1,0,0,1,0,0,0,0
191,43910151987,439,Burkina Faso,1987,10,15,coup,0,1,0,0,1,1,0,0,0,0,0,0,0,0,0,0,1,0,0,0,0,0
192,43912251989,439,Burkina Faso,1989,12,25,conspiracy,1,0,1,0,1,1,0,0,0,0,0,0,0,0,1,0,0,0,0,0,0,0
193,51610181965,516,Burundi,1965,10,18,attempted,1,0,0,1,0,1,0,0,0,0,0,0,0,0,0,1,0,0,0,0,0,0
194,51607081966,516,Burundi,1966,7,8,coup,0,1,0,0,0,0,0,1,0,0,0,0,0,0,1,0,0,0,0,0,0,0
195,51611281966,516,Burundi,1966,11,28,coup,0,1,0,0,1,0,0,1,0,0,0,0,0,0,1,0,0,0,0,0,1,0
196,51611011976,516,Burundi,1976,11,1,coup,0,1,0,0,1,0,0,0,0,0,0,0,0,0,1,0,0,0,0,0,0,1
197,51611111976,516,Burundi,1976,11,11,coup,0,1,0,0,0,0,0,1,0,1,0,0,0,0,1,0,0,0,0,0,0,0
198,51609031987,516,Burundi,1987,9,3,coup,0,1,0,0,1,0,0,0,0,0,0,0,0,0,1,0,0,0,0,0,0,0
199,51607031993,516,Burundi,1993,7,3,attempted,1,0,0,1,1,0,0,0,0,0,0,0,0,0,1,0,0,0,0,0,0,0
200,51610211993,516,Burundi,1993,10,21,coup,0,1,0,0,1,0,0,0,0,0,0,0,0,0,0,0,1,0,0,0,0,0
201,51610271993,516,Burundi,1993,10,27,coup,0,1,0,0,1,0,0,0,0,0,0,0,1,0,1,0,0,0,0,0,0,0
202,51604251994,516,Burundi,1994,4,25,attempted,1,0,0,1,0,0,1,0,0,0,0,0,0,0,1,0,0,0,0,0,0,0
203,51607251996,516,Burundi,1996,7,25,coup,0,1,0,0,1,0,0,0,0,0,0,0,0,0,1,0,0,0,0,0,0,0
204,51604182001,516,Burundi,2001,4,18,attempted,1,0,0,1,1,0,0,0,0,0,0,0,0,0,1,0,0,0,0,0,0,0
205,51607222001,516,Burundi,2001,7,22,attempted,1,0,0,1,0,1,0,0,0,0,0,0,0,0,1,0,0,0,0,0,0,0
206,81103181970,811,Cambodia,1970,3,18,coup,0,1,0,0,0,0,0,1,0,0,0,0,0,0,1,0,0,0,0,0,1,0
207,81104011975,811,Cambodia,1975,4,1,coup,0,1,0,0,0,0,1,0,0,0,1,0,0,0,1,0,0,0,0,0,1,0
208,81104171977,811,Cambodia,1977,4,17,attempted,1,0,0,1,1,1,0,0,0,0,0,0,0,0,1,0,0,0,0,0,0,0
209,81101071979,811,Cambodia,1979,1,7,coup,0,1,0,0,0,0,0,0,1,0,0,0,0,0,1,0,0,0,0,0,1,0
210,81107021994,811,Cambodia,1994,7,2,attempted,1,0,0,1,0,1,0,0,0,0,0,0,0,0,1,0,0,0,0,0,0,0
211,81107051997,811,Cambodia,1997,7,5,coup,0,1,0,0,0,0,0,1,0,0,0,0,0,0,1,0,0,0,0,0,0,0
212,81111242000,811,Cambodia,2000,11,24,attempted,1,0,0,1,0,1,0,0,0,0,0,0,0,0,1,0,0,0,0,0,0,0
213,47104061984,471,Cameroon,1984,4,6,attempted,1,0,0,1,0,1,0,0,0,0,0,0,0,0,1,0,0,0,0,0,0,0
214,48201011966,482,Central African Republic,1966,1,1,coup,0,1,0,0,1,0,0,0,0,0,0,0,0,0,1,0,0,1,0,0,0,0
215,48204101969,482,Central African Republic,1969,4,10,attempted,1,0,0,1,1,0,0,0,0,0,0,0,0,0,1,0,0,0,0,0,0,0
216,48202051976,482,Central African Republic,1976,2,5,attempted,1,0,0,1,1,0,0,1,0,0,0,0,0,0,1,0,0,0,0,0,0,0
217,48209211979,482,Central African Republic,1979,9,21,coup,0,1,0,0,0,0,0,0,1,0,0,0,0,0,1,0,0,0,0,0,1,0
218,48209011981,482,Central African Republic,1981,9,1,coup,0,1,0,0,1,0,0,0,0,0,0,0,0,0,1,0,0,0,0,0,0,0
219,48203031982,482,Central African Republic,1982,3,3,attempted,1,0,0,1,1,0,0,1,0,0,0,0,0,0,1,0,0,0,0,0,0,0
220,48205282001,482,Central African Republic,2001,5,28,attempted,1,0,0,1,0,0,1,1,0,0,0,0,0,0,1,0,0,0,0,0,0,0
221,48210252002,482,Central African Republic,2002,10,25,coup,0,1,0,0,0,0,1,0,0,0,0,0,0,0,1,0,0,0,0,0,0,0
222,48203152003,482,Central African Republic,2003,3,15,coup,0,1,0,0,1,0,1,0,0,0,0,0,0,0,1,0,0,0,0,0,0,0
223,48311191965,483,Chad,1965,11,19,conspiracy,1,0,1,0,0,1,0,1,0,0,0,0,0,0,1,0,0,0,0,0,0,0
224,48308261971,483,Chad,1971,8,26,attempted,1,0,0,1,0,0,1,0,1,0,0,0,0,0,1,0,0,0,0,0,0,0
225,48304131975,483,Chad,1975,4,13,coup,0,1,0,0,1,0,0,0,0,0,0,0,0,0,0,0,1,0,0,0,0,0
226,48304151975,483,Chad,1975,4,15,coup,0,1,0,0,0,0,0,1,0,1,0,0,0,0,1,0,0,0,0,0,0,0
227,48304011977,483,Chad,1977,4,1,attempted,1,0,0,1,1,0,0,0,0,0,0,0,0,0,1,0,0,0,0,0,0,0
228,48306071982,483,Chad,1982,6,7,coup,0,1,0,0,0,0,1,0,0,0,0,0,0,0,1,0,0,0,0,0,1,0
229,48304011989,483,Chad,1989,4,1,attempted,1,0,0,1,1,0,0,1,0,0,0,0,0,0,1,0,0,0,0,0,0,0
230,48312021990,483,Chad,1990,12,2,coup,0,1,0,0,0,0,1,0,0,0,0,0,0,0,1,0,0,0,0,0,1,0
231,48310131991,483,Chad,1991,10,13,attempted,1,0,0,1,1,0,0,0,0,0,0,0,0,0,1,0,0,0,0,0,0,0
232,48306181992,483,Chad,1992,6,18,attempted,1,0,0,1,0,0,0,1,0,0,0,0,0,0,1,0,0,0,0,0,0,0
233,15510311948,155,Chile,1948,10,31,conspiracy,1,0,1,0,0,1,0,0,0,0,0,0,0,0,1,0,0,0,0,0,0,0
234,15503251970,155,Chile,1970,3,25,conspiracy,1,0,1,0,1,1,0,0,0,0,0,0,0,0,1,0,0,0,0,0,0,0
235,15506291973,155,Chile,1973,6,29,attempted,1,0,0,1,1,0,0,0,0,0,0,0,0,0,1,0,0,0,0,0,0,0
236,15509111973,155,Chile,1973,9,11,coup,0,1,0,0,1,1,0,0,0,0,0,0,0,0,0,0,1,0,0,0,0,0
237,15510311975,155,Chile,1975,10,31,conspiracy,1,0,1,0,0,1,0,0,0,0,0,0,0,0,1,0,0,0,0,0,0,0
238,71001211949,710,China,1949,1,21,coup,0,1,0,0,0,0,1,0,0,0,1,0,0,0,1,0,0,0,0,0,1,0
239,71010011949,710,China,1949,10,1,coup,0,1,0,0,0,0,1,0,0,0,0,0,0,0,1,0,0,0,0,0,1,0
240,71009081971,710,China,1971,9,8,attempted,1,0,0,1,0,0,0,1,0,0,0,0,0,0,1,0,0,0,0,0,0,0
241,71009101980,710,China,1980,9,10,coup,0,1,0,0,0,0,0,1,0,0,0,0,0,0,1,0,0,0,0,0,0,0
242,10006131953,100,Colombia,1953,6,13,coup,0,1,0,0,1,0,0,0,0,0,0,0,0,0,1,0,0,0,0,0,1,0
243,10005101957,100,Colombia,1957,5,10,coup,0,1,0,0,1,0,0,1,0,0,1,1,0,0,1,0,0,0,0,0,0,0
244,10005021958,100,Colombia,1958,5,2,attempted,1,0,0,1,1,1,0,0,0,0,0,0,0,0,1,0,0,0,0,0,0,0
245,10012041958,100,Colombia,1958,12,4,conspiracy,1,0,1,0,0,1,0,0,0,0,0,0,0,0,1,0,0,0,0,0,0,0
246,10010111961,100,Colombia,1961,10,11,attempted,1,0,0,1,1,0,0,0,0,0,0,0,0,0,1,0,0,0,0,0,0,0
247,58108031975,581,Comoros,1975,8,3,coup,0,1,0,0,0,1,0,0,1,0,0,0,0,0,1,0,0,0,0,0,0,0
248,58106041977,581,Comoros,1977,6,4,attempted,1,0,0,1,0,0,0,0,0,0,0,0,0,0,1,0,0,0,0,0,0,0
249,58105131978,581,Comoros,1978,5,13,coup,0,1,0,0,0,0,0,0,0,0,0,0,0,0,0,0,1,0,0,0,0,0
250,58111261989,581,Comoros,1989,11,26,coup,0,1,0,0,0,0,0,0,0,0,0,0,0,0,1,0,0,0,0,0,0,0
251,58109261992,581,Comoros,1992,9,26,attempted,1,0,0,1,1,0,0,0,0,0,0,0,0,0,1,0,0,0,0,0,0,0
252,58109291995,581,Comoros,1995,9,29,coup,0,1,0,0,0,0,0,0,0,0,0,0,0,0,1,0,0,0,1,0,0,0
253,58110051995,581,Comoros,1995,10,5,coup,0,1,0,0,0,0,0,0,1,0,0,0,1,0,1,0,0,0,0,0,0,0
254,58104301999,581,Comoros,1999,4,30,coup,0,1,0,0,1,0,0,0,0,0,0,1,0,0,1,0,0,0,0,0,0,0
255,58103212000,581,Comoros,2000,3,21,attempted,1,0,0,1,1,1,0,0,0,0,0,0,0,0,1,0,0,0,0,0,0,0
256,48408151963,484,Democratic Republic of the Congo,1963,8,15,coup,0,1,0,0,0,0,0,0,0,0,0,1,0,0,1,0,0,0,1,1,0,1
257,48406271966,484,Democratic Republic of the Congo,1966,6,27,attempted,1,0,0,1,1,1,0,0,0,0,0,0,0,0,1,0,0,0,0,0,0,0
258,48405131968,484,Democratic Republic of the Congo,1968,5,13,attempted,1,0,0,1,0,1,0,0,0,0,0,0,0,0,1,0,0,0,0,0,0,0
259,48408031968,484,Democratic Republic of the Congo,1968,8,3,coup,0,1,0,0,0,0,0,0,0,0,1,0,0,0,1,0,0,0,0,0,0,0
260,48409041968,484,Democratic Republic of the Congo,1968,9,4,coup,0,1,0,0,1,0,0,0,0,0,0,0,0,0,1,0,0,0,0,0,0,0
261,48401011969,484,Democratic Republic of the Congo,1969,1,1,coup,0,1,0,0,0,0,0,1,0,0,0,0,0,0,1,0,0,0,0,0,0,0
262,48411081969,484,Democratic Republic of the Congo,1969,11,8,attempted,1,0,0,1,0,1,0,0,0,0,0,0,0,0,1,0,0,0,0,0,0,0
263,48403231970,484,Democratic Republic of the Congo,1970,3,23,attempted,1,0,0,1,1,1,0,0,0,0,0,0,0,0,1,0,0,0,0,0,0,0
264,48402221972,484,Democratic Republic of the Congo,1972,2,22,attempted,1,0,0,1,1,0,0,0,0,0,0,0,0,0,1,0,0,0,0,0,0,0
265,48403181977,484,Democratic Republic of the Congo,1977,3,18,attempted,1,0,0,1,0,1,0,0,0,0,0,0,0,0,0,0,1,0,0,0,0,0
266,48408141978,484,Democratic Republic of the Congo,1978,8,14,conspiracy,1,0,1,0,0,1,0,0,0,0,0,0,0,0,1,0,0,0,0,0,0,0
267,48402051979,484,Democratic Republic of the Congo,1979,2,5,coup,0,1,0,0,0,0,0,1,0,0,0,0,0,0,1,0,0,0,0,0,0,0
268,48402081979,484,Democratic Republic of the Congo,1979,2,8,coup,0,1,0,0,0,0,0,1,0,0,0,0,0,0,1,0,0,0,0,0,0,0
269,48410151997,484,Democratic Republic of the Congo,1997,10,15,coup,0,1,0,0,0,0,1,0,1,0,0,0,0,0,1,0,0,0,0,0,1,0
270,48404102005,484,Democratic Republic of the Congo,2005,4,10,conspiracy,1,0,1,0,1,1,0,0,0,0,0,0,0,0,1,0,0,0,0,0,0,0
271,9406251946,94,Costa Rica,1946,6,25,attempted,1,0,0,1,0,1,0,0,0,0,0,0,0,0,1,0,0,0,0,0,0,0
272,9404251948,94,Costa Rica,1948,4,25,coup,0,1,0,0,0,0,1,0,0,0,0,1,0,0,1,0,0,0,0,0,1,0
273,9405081948,94,Costa Rica,1948,5,8,coup,0,1,0,0,0,0,1,0,0,0,0,0,0,0,1,0,0,0,0,0,0,1
274,9412111948,94,Costa Rica,1948,12,11,attempted,1,0,0,1,0,1,0,0,1,0,0,0,0,0,1,0,0,0,0,0,0,0
275,9411271954,94,Costa Rica,1954,11,27,attempted,1,0,0,1,0,0,1,0,1,0,0,0,0,0,1,0,0,0,0,0,0,0
276,43707231991,437,Ivory Coast,1991,7,23,conspiracy,1,0,1,0,1,0,0,0,0,0,0,0,0,0,1,0,0,0,0,0,0,0
277,43712241999,437,Ivory Coast,1999,12,24,coup,0,1,0,0,1,0,0,0,0,0,0,0,0,0,1,0,0,0,0,0,1,0
278,43709182000,437,Ivory Coast,2000,9,18,attempted,1,0,0,1,1,0,0,0,0,0,0,0,0,0,1,0,0,0,0,0,0,0
279,43710252000,437,Ivory Coast,2000,10,25,coup,0,1,0,0,0,0,0,0,0,0,0,1,0,0,1,0,0,0,0,0,1,0
280,43701072001,437,Ivory Coast,2001,1,7,attempted,1,0,0,1,0,1,0,0,1,0,0,0,0,0,1,0,0,0,0,0,0,0
281,43709192002,437,Ivory Coast,2002,9,19,attempted,1,0,0,1,1,0,0,0,0,0,0,0,0,0,1,0,0,0,0,0,0,0
282,4009211947,40,Cuba,1947,9,21,conspiracy,1,0,1,0,0,1,0,1,0,0,0,0,0,0,1,0,0,0,0,0,0,0
283,4003101952,40,Cuba,1952,3,10,coup,0,1,0,0,1,0,0,0,0,0,0,0,0,0,1,0,0,0,0,0,0,1
284,4007261953,40,Cuba,1953,7,26,attempted,1,0,0,1,0,1,0,0,0,0,0,0,0,0,1,0,0,0,0,0,0,0
285,4004031956,40,Cuba,1956,4,3,conspiracy,1,0,1,0,1,0,0,0,0,0,0,0,0,0,1,0,0,0,0,0,0,0
286,4003131957,40,Cuba,1957,3,13,attempted,1,0,0,1,0,1,0,0,0,0,0,0,0,0,1,0,0,0,0,0,0,0
287,4009051957,40,Cuba,1957,9,5,attempted,1,0,0,1,1,0,0,0,0,0,0,0,0,0,1,0,0,0,0,0,0,0
288,4001011959,40,Cuba,1959,1,1,coup,0,1,0,0,0,0,1,0,0,0,0,0,0,0,1,0,0,0,0,0,1,0
289,4004171961,40,Cuba,1961,4,17,attempted,1,0,0,1,0,1,0,0,1,0,0,0,0,0,1,0,0,0,0,0,0,0
290,35207151974,352,Cyprus,1974,7,15,coup,0,1,0,0,1,0,1,0,1,0,0,0,0,0,1,0,0,0,0,0,1,0
291,31509131947,315,Czechoslovakia,1947,9,13,conspiracy,1,0,1,0,0,1,0,0,0,0,0,0,0,0,1,0,0,0,0,0,0,0
292,31502251948,315,Czechoslovakia,1948,2,25,coup,0,1,0,0,0,0,0,1,0,0,0,0,0,0,1,0,0,0,0,0,0,0
293,31503181950,315,Czechoslovakia,1950,3,18,conspiracy,1,0,1,0,0,1,0,0,0,0,0,0,0,0,1,0,0,0,0,0,0,0
294,31502251951,315,Czechoslovakia,1951,2,25,conspiracy,1,0,1,0,0,1,0,0,0,0,0,0,0,0,1,0,0,0,0,0,0,0
295,31511201951,315,Czechoslovakia,1951,11,20,conspiracy,1,0,1,0,0,1,0,0,0,0,0,0,0,0,1,0,0,0,0,0,0,0
296,31501051968,315,Czechoslovakia,1968,1,5,coup,0,1,0,0,0,0,0,1,0,0,0,0,0,0,1,0,0,0,0,0,0,0
297,31508201968,315,Czechoslovakia,1968,8,20,coup,0,1,0,0,0,0,0,0,1,0,0,0,0,0,1,0,0,0,1,0,0,1
298,31512181987,315,Czechoslovakia,1987,12,18,coup,0,1,0,0,0,0,0,1,0,0,0,0,0,0,1,0,0,0,0,0,0,0
299,49009141960,490,Democratic Republic of the Congo,1960,9,14,coup,0,1,0,0,1,0,0,0,1,0,0,0,0,0,0,0,1,1,0,0,0,0
300,49011251965,490,Democratic Republic of the Congo,1965,11,25,coup,0,1,0,0,1,0,0,0,0,0,0,0,0,0,1,0,0,1,0,0,0,0
301,49005301966,490,Democratic Republic of the Congo,1966,5,30,attempted,1,0,0,1,0,1,0,1,0,0,0,0,0,0,1,0,0,0,0,0,0,0
302,49006181975,490,Democratic Republic of the Congo,1975,6,18,attempted,1,0,0,1,1,1,0,0,1,0,0,0,0,0,1,0,0,0,0,0,0,0
303,49001221992,490,Democratic Republic of the Congo,1992,1,22,attempted,1,0,0,1,1,0,0,0,0,0,0,0,0,0,1,0,0,0,0,0,0,0
304,49005161997,490,Democratic Republic of the Congo,1997,5,16,coup,0,1,0,0,0,0,1,0,1,0,0,0,0,0,1,0,0,0,0,0,0,0
305,49003282004,490,Democratic Republic of the Congo,2003,3,28,attempted,1,0,0,1,0,1,0,0,0,0,0,0,0,0,1,0,0,0,0,0,0,0
306,49006112004,490,Democratic Republic of the Congo,2004,6,11,attempted,1,0,0,1,1,0,0,0,0,0,0,0,0,0,1,0,0,0,0,0,0,0
307,52201081991,522,Djibouti,1991,1,8,conspiracy,1,0,1,0,0,1,0,0,0,0,0,0,0,0,1,0,0,0,0,0,0,0
308,5412191981,54,Dominica,1981,12,19,attempted,1,0,0,0,0,1,0,0,0,0,0,0,0,0,1,0,0,0,0,0,0,0
309,4206211949,42,Dominican Republic,1949,6,21,attempted,1,0,0,1,0,0,0,0,0,0,0,1,0,0,0,0,0,0,0,0,0,0
310,4206141959,42,Dominican Republic,1959,6,14,attempted,1,0,0,1,0,1,0,0,0,0,0,0,0,0,1,0,0,0,0,0,0,0
311,4205301961,42,Dominican Republic,1961,5,30,attempted,1,0,0,1,1,0,0,0,1,0,0,0,0,0,0,0,1,0,0,0,0,0
312,4201161962,42,Dominican Republic,1962,1,16,coup,0,1,0,0,1,0,0,0,0,0,1,1,0,0,1,0,0,0,0,0,0,1
313,4201191962,42,Dominican Republic,1962,1,19,coup,0,1,0,0,0,1,0,0,0,0,0,0,1,0,1,0,0,0,0,0,0,0
314,4209251963,42,Dominican Republic,1963,9,25,coup,0,1,0,0,1,0,0,0,0,0,0,0,0,0,1,0,0,0,0,0,1,0
315,4204251965,42,Dominican Republic,1965,4,25,coup,0,1,0,0,1,0,0,0,0,0,0,1,0,0,1,0,0,0,0,0,0,0
316,4204271965,42,Dominican Republic,1965,4,27,coup,0,1,0,0,1,0,0,0,1,0,0,0,1,0,1,0,0,0,0,0,1,0
317,4211221965,42,Dominican Republic,1965,11,22,attempted,1,0,0,1,0,0,0,0,0,0,0,0,0,0,1,0,0,0,0,0,0,0
318,13003141947,130,Ecuador,1947,3,14,attempted,1,0,0,1,0,1,0,0,0,0,0,0,0,0,1,0,0,0,0,0,0,0
319,13008231947,130,Ecuador,1947,8,23,coup,0,1,0,0,0,0,0,1,0,0,0,0,0,0,1,0,0,0,0,0,0,1
320,13009031947,130,Ecuador,1947,9,3,coup,0,1,0,0,1,0,0,0,0,0,0,0,1,0,1,0,0,0,0,0,0,0
321,13003031952,130,Ecuador,1952,3,3,attempted,1,0,0,1,1,1,0,0,0,0,0,0,0,0,1,0,0,0,0,0,0,0
322,13012231954,130,Ecuador,1954,12,23,attempted,1,0,0,1,1,0,0,0,0,0,0,0,0,0,1,0,0,0,0,0,0,0
323,13008071956,130,Ecuador,1956,8,7,attempted,1,0,0,1,1,1,0,0,0,0,0,0,0,0,1,0,0,0,0,0,0,0
324,13011081961,130,Ecuador,1961,11,8,coup,0,1,0,0,1,0,0,1,0,0,0,0,0,0,1,0,0,0,0,0,0,0
325,13007111963,130,Ecuador,1963,7,11,coup,0,1,0,0,1,0,0,0,0,0,0,0,0,0,1,0,0,0,0,0,0,0
326,13003291966,130,Ecuador,1966,3,29,coup,0,1,0,0,0,0,0,0,0,0,0,1,0,0,1,0,0,0,0,0,0,0
327,13006221970,130,Ecuador,1970,6,22,coup,0,1,0,0,0,0,0,0,0,1,0,0,0,0,1,0,0,0,0,0,0,0
328,13002151972,130,Ecuador,1972,2,15,coup,0,1,0,0,1,0,0,0,0,0,0,0,0,0,1,0,0,0,0,0,0,1
329,13009011975,130,Ecuador,1975,9,1,attempted,1,0,0,1,1,0,0,0,0,0,0,0,0,0,1,0,0,0,0,0,0,0
330,13001111976,130,Ecuador,1976,1,11,coup,0,1,0,0,1,0,0,0,0,0,0,0,0,0,1,0,0,0,0,0,0,0
331,13003081986,130,Ecudaor,1986,3,8,attempted,1,0,0,1,1,0,0,0,0,0,0,0,0,0,1,0,0,0,0,0,0,0
332,13001212000,130,Ecuador,2000,1,21,attempted,1,0,0,1,1,0,0,0,0,0,0,1,0,0,1,0,0,0,0,0,0,0
333,13004152005,130,Ecuador,2005,4,15,attempted,1,0,0,1,0,0,0,0,0,1,0,0,0,0,1,0,0,0,0,0,0,0
334,65112231947,651,Egypt,1947,12,23,conspiracy,1,0,1,0,1,0,0,0,0,0,0,0,0,0,1,0,0,0,0,0,0,0
335,65107231952,651,Egypt,1952,7,23,coup,0,1,0,0,1,0,0,0,1,0,1,0,0,0,1,0,0,0,0,0,1,0
336,65101161953,651,Egypt,1953,1,16,conspiracy,1,0,1,0,0,1,0,0,0,0,0,0,0,0,1,0,0,0,0,0,0,0
337,65102271954,651,Egypt,1954,2,27,coup,0,1,0,0,0,1,0,0,0,0,0,0,0,0,1,0,0,0,0,0,0,0
338,65104281954,651,Egypt,1954,4,28,conspiracy,1,0,1,0,1,0,0,0,0,0,0,0,0,0,1,0,0,0,0,0,0,0
339,65111141954,651,Egypt,1954,11,14,coup,0,1,0,0,0,0,0,1,0,0,0,0,0,0,1,0,0,1,0,0,0,0
340,65111171954,651,Egypt,1954,11,17,coup,0,1,0,0,0,0,0,1,0,0,0,0,0,0,1,0,0,0,0,0,0,0
341,65103051958,651,Egypt,1958,3,5,conspiracy,1,0,1,0,0,1,0,0,0,0,0,0,0,0,1,0,0,0,0,0,0,0
342,65104011966,651,Egypt,1966,4,14,conspiracy,1,0,1,0,1,0,0,0,0,0,0,0,0,0,1,0,0,0,0,0,0,0
343,65108271967,651,Egypt,1967,8,27,conspiracy,1,0,1,0,1,0,0,0,0,0,0,0,0,0,1,0,0,0,0,0,0,0
344,65104271974,651,Egypt,1974,4,27,attempted,1,0,0,1,1,1,0,0,1,0,0,0,0,0,1,0,0,0,0,0,0,0
345,9212141948,92,El Salvador,1948,12,14,coup,0,1,0,0,1,0,0,0,0,0,0,0,0,0,1,0,0,0,0,0,0,0
346,9201061949,92,El Salvador,1949,1,6,coup,0,1,0,0,1,0,0,1,0,0,0,0,0,0,1,0,0,0,0,0,0,0
347,9209231952,92,El Salvador,1952,9,27,conspiracy,1,0,1,0,0,1,0,0,0,0,0,0,0,0,1,0,0,0,0,0,0,0
348,9210261960,92,El Salvador,1960,10,26,coup,0,1,0,0,1,0,0,0,0,0,0,1,0,0,1,0,0,0,0,0,1,0
349,9201251961,92,El Salvador,1961,1,25,coup,0,1,0,0,1,0,0,0,0,0,0,0,0,0,1,0,0,0,0,0,0,0
350,9203251972,92,El Salvador,1972,3,25,attempted,1,0,0,1,1,0,0,0,0,0,0,0,0,0,1,0,0,1,0,0,0,0
351,9210151979,92,El Salvador,1979,10,15,coup,0,1,0,0,1,0,0,0,0,0,0,1,0,0,1,0,0,0,0,0,0,0
352,9212071980,92,El Salvador,1980,12,7,coup,0,1,0,0,1,0,0,0,0,1,0,0,0,0,1,0,0,0,0,0,0,1
353,41103051969,411,Equatorial Guinea,1969,3,5,attempted,1,0,0,1,0,1,0,1,0,0,0,0,0,0,1,0,0,0,0,0,0,0
354,41108031979,411,Equatorial Guinea,1979,8,3,coup,0,1,0,0,1,0,0,1,0,0,0,0,0,0,1,0,0,0,0,0,0,0
355,41107191986,411,Equatorial Guinea,1986,7,19,attempted,1,0,0,1,0,1,0,0,0,0,0,0,0,0,1,0,0,0,0,0,0,0
356,41103072004,411,Equatorial Guinea,2004,3,7,conspiracy,1,0,1,0,0,1,0,0,0,0,0,0,0,0,1,0,0,0,0,0,0,0
357,53012131960,530,Ethiopia,1960,12,14,coup,0,1,0,0,1,0,0,1,0,0,0,0,0,0,1,0,0,0,0,0,0,0
358,53012171960,530,Ethiopia,1960,12,17,coup,0,1,0,0,1,0,0,0,0,0,0,0,1,0,1,0,0,0,0,0,0,0
359,53009121974,530,Ethiopia,1974,9,12,coup,0,1,0,0,1,0,0,0,0,0,0,1,0,0,1,0,0,0,1,0,0,0
360,53011231974,530,Ethiopia,1974,11,23,coup,0,1,0,0,0,0,0,1,0,0,0,0,0,0,0,0,1,0,0,0,0,0
361,53002031977a,530,Ethiopia,1977,2,3,attempted,1,0,0,1,0,0,0,0,0,1,0,0,0,0,0,0,0,0,0,0,0,0
362,53002031977b,530,Ethiopia,1977,2,3,coup,0,1,0,0,0,0,0,1,0,0,0,0,0,0,0,0,1,0,0,0,0,0
363,53005161989,530,Ethiopia,1989,5,16,attempted,1,0,0,1,1,0,0,0,0,0,0,0,0,0,1,0,0,0,0,0,0,0
364,53005211991,530,Ethiopia,1991,5,21,coup,0,1,0,0,0,0,1,0,0,0,1,0,0,0,1,0,0,0,0,0,1,0
365,53005271991,530,Ethiopia,1991,5,27,coup,0,1,0,0,0,0,1,0,0,0,0,0,0,0,1,0,0,0,0,0,1,0
366,95005141987,950,Fiji,1987,5,14,coup,0,1,0,0,1,0,0,0,0,0,0,0,0,0,1,0,0,0,0,0,0,0
367,95009281987,950,Fiji,1987,9,28,coup,0,1,0,0,1,0,0,0,0,1,0,0,0,0,1,0,0,0,0,0,0,0
368,95005192000,950,Fiji,2000,5,19,coup,0,1,0,0,1,1,0,0,0,0,0,0,0,0,1,0,0,0,0,0,0,0
369,95011022000,950,Fiji,2000,11,2,attempted,1,0,0,1,1,0,0,0,0,0,0,0,0,0,1,0,0,0,0,0,0,0
370,48102171964,481,Gabon,1964,2,17,coup,0,1,0,0,1,0,0,0,0,0,0,0,0,0,1,0,0,0,1,0,0,0
371,48102191964,481,Gabon,1964,2,19,coup,0,1,0,0,1,0,0,0,0,0,0,0,1,0,1,0,0,0,1,0,0,0
372,42007291981,420,Gambia,1981,7,29,attempted,1,0,0,1,0,0,1,0,0,0,0,0,0,0,1,0,0,0,0,0,0,0
373,42007241994,420,Gambia,1994,7,24,coup,0,1,0,0,1,0,0,0,0,0,0,0,0,0,1,0,0,0,0,0,1,0
374,42011111994,420,Gambia,1994,11,11,attempted,1,0,0,1,1,0,0,0,0,0,0,0,0,0,1,0,0,0,0,0,0,0
375,37201061992,372,Georgia,1992,1,6,coup,0,1,0,0,0,0,1,0,1,0,0,0,0,0,1,0,0,0,0,0,1,0
376,37205001999,372,Georgia,1999,5,22,conspiracy,1,0,1,0,0,1,0,0,0,0,0,0,0,0,1,0,0,0,0,0,0,0
377,37211232003,372,Georgia,2003,11,23,coup,0,1,0,0,0,0,0,0,0,0,1,1,0,0,1,0,0,0,0,0,0,0
378,26506171953,265,German Democratic Republic,1953,6,17,attempted,1,0,0,1,0,0,0,0,0,0,0,1,0,0,1,0,0,0,0,0,0,0
379,26505031971,265,German Democratic Republic,1971,5,3,coup,0,1,0,0,0,0,0,0,0,0,1,0,0,0,1,0,0,0,0,0,0,0
380,26510181989,265,German Democratic Republic,1989,10,18,coup,0,1,0,0,0,0,0,1,0,0,0,1,0,0,1,0,0,0,0,0,0,0
381,26512031989,265,German Democratic Republic,1989,12,3,coup,0,1,0,0,0,0,0,1,0,0,0,0,0,0,1,0,0,0,0,0,0,0
382,45210031961,452,Ghana,1961,10,3,conspiracy,1,0,1,0,0,1,0,0,0,0,0,0,0,0,1,0,0,0,0,0,0,0
383,45202241966,452,Ghana,1966,2,24,coup,0,1,0,0,1,0,0,0,0,0,0,0,0,0,1,0,0,0,0,0,0,0
384,45201231967,452,Ghana,1967,1,23,conspiracy,1,0,1,0,0,1,0,0,0,0,0,0,0,0,1,0,0,0,0,0,0,0
385,45204171967,452,Ghana,1967,4,17,attempted,1,0,0,1,1,0,0,0,0,0,0,0,1,0,1,0,0,0,0,0,0,0
386,45201131972,452,Ghana,1972,1,13,coup,0,1,0,0,1,0,0,0,0,0,0,0,0,0,1,0,0,0,0,0,0,0
387,45201151972,452,Ghana,1972,1,15,conspiracy,1,0,1,0,0,1,0,0,0,0,0,0,0,0,1,0,0,0,0,0,0,0
388,45207051978,452,Ghana,1978,7,5,coup,0,1,0,0,1,0,0,1,0,0,0,0,0,0,0,0,1,1,0,0,0,0
389,45205151979,452,Ghana,1979,5,15,attempted,1,0,0,1,1,0,0,0,0,0,0,0,0,0,1,0,0,0,0,0,0,0
390,45206041979,452,Ghana,1979,6,4,coup,0,1,0,0,1,0,0,0,0,0,0,0,0,0,0,0,1,0,0,0,0,0
391,45212311981,452,Ghana,1981,12,31,coup,0,1,0,0,1,0,0,0,0,0,0,0,0,0,1,0,0,0,0,0,0,0
392,45211231982,452,Ghana,1982,11,23,attempted,1,0,0,1,0,1,0,0,0,0,0,0,0,0,1,0,0,0,0,0,0,0
393,45206191983,452,Ghana,1983,6,19,attempted,1,0,0,1,0,1,0,0,0,0,0,0,0,0,1,0,0,0,0,0,0,0
394,45203231984,452,Ghana,1984,3,23,attempted,1,0,0,1,0,1,0,0,0,0,0,0,0,0,1,0,0,0,0,0,0,0
395,35005311951,350,Greece,1951,5,31,attempted,1,0,0,1,1,0,0,0,0,0,0,0,0,0,1,0,0,0,0,0,0,0
396,35004211967,350,Greece,1967,4,21,coup,0,1,0,0,1,0,0,0,0,0,0,0,0,0,1,0,0,0,0,0,0,0
397,35012131967,350,Greece,1967,12,13,attempted,1,0,0,1,0,0,0,1,0,0,0,0,0,0,1,0,0,0,0,0,1,1
398,35005241973,350,Greece,1973,5,24,attempted,1,0,0,1,1,1,0,0,0,0,0,0,0,0,1,0,0,0,0,0,0,0
399,35011251973,350,Greece,1973,11,25,coup,0,1,0,0,1,0,0,0,0,0,0,1,0,0,1,0,0,1,0,0,0,0
400,35002251975,350,Greece,1975,2,24,conspiracy,1,0,1,0,1,0,0,0,0,0,0,0,0,0,1,0,0,0,0,0,0,0
401,5503131979,55,Grenada,1979,3,13,coup,0,1,0,0,0,0,0,0,0,0,0,1,0,0,1,0,0,0,0,0,0,0
402,5510141983,55,Grenada,1983,10,14,coup,0,1,0,0,0,0,0,1,0,0,0,0,0,0,0,0,1,1,0,0,0,0
403,5510191983,55,Grenada,1983,10,19,coup,0,1,0,0,1,0,0,1,0,0,0,0,0,0,0,0,1,0,0,0,0,0
404,5510311983,55,Grenada,1983,10,31,coup,0,1,0,0,0,0,0,0,1,0,0,0,0,0,1,0,0,0,1,0,0,0
405,9006261946,90,Guatemala,1946,6,26,attempted,1,0,0,1,1,0,0,0,0,0,0,0,0,0,1,0,0,0,0,0,0,0
406,9007091949,90,Guatemala,1949,7,9,attempted,1,0,0,1,1,0,0,0,0,0,0,0,0,0,1,0,0,0,0,0,0,0
407,9011061950,90,Guatemala,1950,11,6,attempted,1,0,0,1,0,1,0,0,0,0,0,0,0,0,1,0,0,0,0,0,0,0
408,9006271954,90,Guatemala,1954,6,27,coup,0,1,0,0,1,0,0,0,0,0,1,0,0,0,1,0,0,0,0,0,0,1
409,9006291954,90,Guatemala,1954,6,29,coup,0,1,0,0,0,0,0,1,0,0,0,0,0,0,1,0,0,0,0,0,0,1
410,9001201955,90,Guatemala,1955,1,20,attempted,1,0,0,1,1,1,0,0,0,0,0,0,0,0,1,0,0,0,0,0,0,0
411,9005201955,90,Guatemala,1955,5,18,conspiracy,1,0,1,0,1,1,0,0,0,0,0,0,0,0,1,0,0,0,0,0,0,0
412,9010241957,90,Guatemala,1957,10,24,coup,0,1,0,0,1,0,0,0,0,0,0,0,0,0,1,0,0,0,0,0,0,0
413,9011131960,90,Guatemala,1960,11,13,attempted,1,0,0,1,1,0,0,0,0,0,0,0,0,0,1,0,0,0,0,0,0,0
414,9011251962,90,Guatemala,1962,11,25,attempted,1,0,0,1,1,0,0,0,1,0,0,0,0,0,1,0,0,0,0,0,0,0
415,9003301963,90,Guatemala,1963,3,30,coup,0,1,0,0,1,0,0,0,0,0,0,0,0,0,1,0,0,0,0,0,0,0
416,9003231982,90,Guatemala,1982,3,23,coup,0,1,0,0,1,0,0,0,0,0,0,0,0,0,1,0,0,0,0,0,0,0
417,9008141982,90,Guatemala,1982,8,13,conspiracy,1,0,1,0,0,1,0,0,0,0,0,0,0,0,1,0,0,0,0,0,0,0
418,9008081983,90,Guatemala,1983,8,8,coup,0,1,0,0,1,1,0,0,0,0,0,0,0,0,1,0,0,0,0,0,0,0
419,9005111988,90,Guatemala,1988,5,11,attempted,1,0,0,1,1,0,0,0,0,0,1,0,0,0,1,0,0,0,0,0,0,0
420,9005091989,90,Guatemala,1989,5,9,attempted,1,0,0,1,1,0,0,0,0,0,0,0,0,0,1,0,0,0,0,0,0,0
421,9005251993,90,Guatemala,1993,5,25,attempted,1,0,0,1,0,0,0,0,0,1,0,0,0,0,1,0,0,0,0,0,0,0
422,43811091965,438,Guinea,1965,11,9,conspiracy,1,0,1,0,0,1,0,0,0,0,0,0,0,0,1,0,0,0,0,0,0,0
423,43803101969,438,Guinea,1969,3,10,conspiracy,1,0,1,0,1,0,0,0,1,0,1,0,0,0,1,0,0,0,0,0,0,0
424,43811221970,438,Guinea,1970,11,22,attempted,1,0,0,1,0,1,0,0,1,0,0,0,0,0,1,0,0,0,0,0,0,0
425,43804031984,438,Guinea,1984,4,3,coup,0,1,0,0,1,0,0,0,0,0,0,0,0,0,1,0,0,0,0,0,0,1
426,43807041985,438,Guinea,1985,7,4,attempted,1,0,0,1,0,1,0,0,0,0,0,0,0,0,1,0,0,0,0,0,0,0
427,43802021996,438,Guinea,1996,2,2,attempted,1,0,0,1,1,0,0,0,0,0,0,0,0,0,1,0,0,0,0,0,0,0
428,40411141980,404,Guinea-Bissau,1980,11,14,coup,0,1,0,0,1,0,0,1,0,0,0,0,0,0,1,0,0,0,1,0,0,0
429,40411071985,404,Guinea-Bissau,1985,11,7,conspiracy,1,0,1,0,0,0,0,1,0,0,0,0,0,0,1,0,0,0,0,0,0,0
430,40406071998,404,Guinea-Bissau,1998,6,7,attempted,1,0,0,1,1,0,0,0,0,0,0,0,0,0,1,0,0,0,0,0,0,0
431,40405071999,404,Guinea-Bissau,1999,5,7,coup,0,1,0,0,1,0,1,0,0,0,0,0,0,0,1,0,0,0,0,0,1,0
432,40411232000,404,Guinea-Bissau,2000,11,23,attempted,1,0,0,1,1,0,0,0,0,0,0,0,0,0,1,0,0,0,0,0,0,0
433,40412022001,404,Guinea-Bissau,2001,12,2,conspiracy,1,0,1,0,0,1,0,0,0,0,0,0,0,0,1,0,0,0,0,0,0,0
434,40409142003,404,Guinea-Bissau,2003,9,14,coup,0,1,0,0,1,0,0,0,0,0,0,0,0,0,1,0,0,1,0,0,0,0
435,40405252005,404,Guinea-Bissau,2005,5,25,attempted,1,0,0,1,0,0,0,0,0,0,0,0,1,0,1,0,0,0,0,0,0,0
436,11012241983,110,Guyana,1983,12,24,conspiracy,1,0,1,0,0,1,0,0,0,0,0,0,0,0,1,0,0,0,0,0,0,0
437,4101111946,41,Haiti,1946,1,11,coup,0,1,0,0,1,0,0,0,0,0,0,1,0,0,1,0,0,0,0,0,1,0
438,4105101950,41,Haiti,1950,5,10,coup,0,1,0,0,1,0,0,0,0,0,1,1,0,0,1,0,0,0,0,0,0,1
439,4112121956,41,Haiti,1956,12,12,coup,0,1,0,0,0,0,0,0,0,0,1,1,0,0,1,0,0,0,0,0,1,0
440,4102071957,41,Haiti,1957,2,7,coup,0,1,0,0,0,0,0,0,0,0,1,1,0,0,1,0,0,0,0,0,0,0
441,4104021957,41,Haiti,1957,4,2,coup,0,1,0,0,1,0,0,0,0,0,0,1,0,0,1,0,0,1,0,0,0,0
442,4105211957,41,Haiti,1957,5,21,coup,0,1,0,0,1,0,0,0,0,0,0,1,0,0,1,0,0,0,0,0,0,0
443,4105251957,41,Haiti,1957,5,25,attempted,1,0,0,1,1,1,0,0,0,0,0,0,0,0,1,0,0,0,0,0,0,0
444,4106141957,41,Haiti,1957,6,14,coup,0,1,0,0,1,0,0,0,0,0,1,0,0,0,1,0,0,0,0,0,0,1
445,4107281958,41,Haiti,1958,7,28,attempted,1,0,0,1,1,1,0,0,0,0,0,0,0,0,1,0,0,0,0,0,0,0
446,4108071963,41,Haiti,1963,8,7,attempted,1,0,0,1,0,1,0,0,0,0,0,0,0,0,1,0,0,0,0,0,0,0
447,4106141964,41,Haiti,1964,6,14,coup,0,1,0,0,0,0,0,0,0,1,0,0,0,0,1,0,0,0,0,0,0,0
448,4105201968,41,Haiti,1968,5,20,attempted,1,0,0,1,0,0,1,0,0,0,0,0,0,0,1,0,0,0,0,0,0,0
449,4104241970,41,Haiti,1970,4,24,attempted,1,0,0,1,1,0,0,0,0,0,0,0,0,0,1,0,0,0,0,0,0,0
450,4106011984,41,Haiti,1984,6,1,conspiracy,1,0,1,0,0,1,0,0,0,0,0,0,0,0,1,0,0,0,0,0,0,0
451,4102071986,41,Haiti,1986,2,7,coup,0,1,0,0,0,0,0,0,0,0,0,1,0,0,1,0,0,0,0,0,1,0
452,4106201988,41,Haiti,1988,6,20,coup,0,1,0,0,1,0,0,0,0,0,0,0,0,0,1,0,0,0,0,0,0,0
453,4109171988,41,Haiti,1988,9,17,coup,0,1,0,0,1,0,0,0,0,0,0,0,0,0,1,0,0,0,0,0,0,1
454,4104021989,41,Haiti,1989,4,2,attempted,1,0,0,1,1,0,0,0,0,0,0,0,0,0,1,0,0,0,0,0,0,0
455,4103101990,41,Haiti,1990,3,10,coup,0,1,0,0,0,0,0,0,0,0,0,1,0,0,1,0,0,0,0,0,0,1
456,4101061991,41,Haiti,1991,1,6,attempted,1,0,0,1,1,0,0,0,0,0,0,0,0,0,1,0,0,1,0,0,0,0
457,4109301991,41,Haiti,1991,9,30,coup,0,1,0,0,1,0,0,0,1,0,0,0,0,0,1,0,0,0,0,0,0,1
458,4110141994,41,Haiti,1994,10,14,coup,0,1,0,0,0,0,0,0,0,0,0,0,0,0,1,0,0,0,0,0,0,0
459,4110162000,41,Haiti,2000,10,16,attempted,1,0,0,1,0,1,0,0,0,0,0,0,0,0,1,0,0,0,0,0,0,0
460,4103012004,41,Haiti,2004,3,1,coup,0,1,0,0,0,0,0,0,1,0,0,1,0,0,1,0,0,0,0,0,0,1
461,9108011956,91,Honduras,1956,8,1,attempted,1,0,0,1,1,1,0,0,0,0,0,0,0,0,1,0,0,0,0,0,0,0
462,9110211956,91,Honduras,1956,10,21,coup,0,1,0,0,1,0,0,0,0,0,0,0,0,0,1,0,0,0,0,0,0,0
463,9107071957,91,Honduras,1957,7,7,coup,0,1,0,0,0,0,0,1,0,0,0,0,0,0,1,0,0,0,0,0,0,0
464,9107121959,91,Honduras,1959,7,12,attempted,1,0,0,1,0,1,0,0,0,0,0,0,0,0,1,0,0,0,0,0,0,0
465,9110031963,91,Honduras,1963,10,3,coup,0,1,0,0,1,0,0,0,0,0,0,0,0,0,1,0,0,0,0,0,0,0
466,9112041972,91,Honduras,1972,12,4,coup,0,1,0,0,1,0,0,0,0,0,0,0,0,0,1,0,0,0,0,0,0,0
467,9104221975,91,Honduras,1975,4,22,coup,0,1,0,0,1,0,0,0,0,0,0,0,0,0,1,0,0,0,0,0,0,0
468,9110211977,91,Honduras,1977,10,21,attempted,1,0,0,1,1,0,0,0,0,0,0,0,0,0,1,0,0,0,0,0,0,0
469,9108071978,91,Honduras,1978,8,7,coup,0,1,0,0,1,0,0,0,0,0,0,0,0,0,1,0,0,0,0,0,0,0
470,31012311946,310,Hungary,1946,12,31,conspiracy,1,0,1,0,1,0,0,0,0,0,0,0,0,0,1,0,0,0,0,0,0,0
471,31005311947,310,Hungary,1947,5,31,coup,0,1,0,0,0,1,0,1,0,0,1,0,0,0,1,0,0,0,0,0,0,0
472,31006161949,310,Hungary,1949,6,16,conspiracy,1,0,1,0,0,1,0,0,0,0,0,0,0,0,1,0,0,0,0,0,0,0
473,31007151956,310,Hungary,1956,7,15,coup,0,1,0,0,0,0,0,1,1,0,0,0,0,0,1,0,0,0,0,0,0,1
474,31011041956,310,Hungary,1956,11,4,coup,0,1,0,0,0,0,0,1,1,0,0,0,0,0,1,0,0,0,0,0,0,1
475,31005221988,310,Hungary,1988,5,22,coup,0,1,0,0,0,0,0,0,0,0,0,0,0,0,1,0,0,0,0,0,0,0
476,85010171952,850,Indonesia,1952,10,17,attempted,1,0,0,1,1,0,0,0,0,0,0,0,0,0,1,0,0,0,0,0,0,0
477,85005081957,850,Indonesia,1957,5,8,conspiracy,1,0,1,0,1,0,0,0,0,0,0,0,0,0,1,0,0,0,0,0,0,0
478,85002151958,850,Indonesia,1958,2,15,attempted,1,0,0,1,0,0,1,0,0,0,0,1,0,0,1,0,0,0,0,0,0,0
479,85010011965,850,Indonesia,1965,10,1,attempted,1,0,0,1,1,0,0,0,0,0,0,0,0,0,1,0,0,0,0,0,0,0
480,85003121966,850,Indonesia,1966,3,12,coup,0,1,0,0,1,0,0,0,0,0,1,0,0,0,1,0,0,0,0,0,0,0
481,85005211998,850,Indonesia,1998,5,21,coup,0,1,0,0,0,0,0,0,0,0,1,1,0,0,1,0,0,0,0,0,1,0
482,85007232001,850,Indonesia,2001,7,23,attempted,1,0,0,1,0,0,0,0,0,1,0,0,0,0,0,0,0,0,0,0,0,0
483,63008151953,630,Iran,1953,8,15,attempted,1,0,0,1,1,0,0,0,1,0,0,0,0,0,1,0,0,0,0,0,0,0
484,63008191953,630,Iran,1953,8,19,coup,0,1,0,0,1,0,0,0,1,0,0,1,0,0,1,0,0,0,0,0,0,0
485,63001161979,630,Iran,1979,1,16,coup,0,1,0,0,0,0,0,0,0,0,0,1,0,0,1,0,0,0,0,0,1,0
486,63002111979,630,Iran,1979,2,11,coup,0,1,0,0,0,0,0,0,0,0,0,1,0,0,1,0,0,0,0,0,1,0
487,63001161980,630,Iran,1980,1,16,conspiracy,1,0,1,0,0,1,0,0,0,0,0,0,0,0,1,0,0,0,0,0,0,0
488,63006191980,630,Iran,1980,6,19,conspiracy,1,0,1,0,0,1,0,0,0,0,0,0,0,0,1,0,0,0,0,0,0,0
489,63007101980,630,Iran,1980,7,10,attempted,1,0,0,1,1,1,0,0,0,0,0,0,0,0,1,0,0,0,0,0,0,0
490,63006221981,630,Iran,1981,6,22,coup,0,1,0,0,0,0,0,0,0,1,0,0,0,0,1,0,0,0,0,0,0,0
491,63004201982,630,Iran,1982,4,20,conspiracy,1,0,1,0,0,1,0,0,0,0,0,0,0,0,1,0,0,0,0,0,0,0
492,64507141958,645,Iraq,1958,7,14,coup,0,1,0,0,1,0,0,0,0,0,0,0,0,0,0,0,1,0,0,0,0,0
493,64512081958,645,Iraq,1958,12,8,conspiracy,1,0,1,0,0,1,0,0,0,0,1,0,0,0,1,0,0,0,0,0,0,0
494,64503071959,645,Iraq,1959,3,7,attempted,1,0,0,1,1,0,0,0,0,0,0,0,0,0,1,0,0,0,0,0,0,0
495,64502081963,645,Iraq,1963,2,8,coup,0,1,0,0,1,0,0,0,0,0,0,0,0,0,0,0,1,0,0,0,0,0
496,64511131963,645,Iraq,1963,11,13,attempted,1,0,0,1,1,0,0,0,0,0,0,0,0,0,1,0,0,0,0,0,0,0
497,64511181963,645,Iraq,1963,11,18,coup,0,1,0,0,1,0,0,0,0,1,0,0,0,0,1,0,0,0,0,0,0,0
498,64509051964,645,Iraq,1964,9,5,attempted,1,0,0,1,1,0,0,0,0,0,0,0,0,0,1,0,0,0,0,0,0,0
499,64509161965,645,Iraq,1965,9,16,attempted,1,0,0,1,1,0,0,0,0,0,0,0,0,0,1,0,0,0,0,0,0,0
500,64506301966,645,Iraq,1966,6,30,attempted,1,0,0,1,1,0,0,0,0,0,0,0,0,0,1,0,0,0,0,0,0,0
501,64507171968,645,Iraq,1968,7,17,coup,0,1,0,0,0,0,0,0,0,0,1,0,0,0,1,0,0,0,0,0,0,1
502,64510061968,645,Iraq,1968,10,6,attempted,1,0,0,1,1,0,0,0,0,0,0,0,0,0,1,0,0,0,0,0,0,0
503,64501201970,645,Iraq,1970,1,20,attempted,1,0,0,1,1,1,0,0,0,0,0,0,0,0,1,0,0,0,0,0,0,0
504,64506301973,645,Iraq,1973,6,30,attempted,1,0,0,1,1,0,0,0,0,0,0,0,0,0,1,0,0,0,0,0,0,0
505,64507281979,645,Iraq,1979,7,28,attempted,1,0,0,1,1,0,0,1,0,0,0,0,0,0,1,0,0,0,0,0,0,0
506,64503051995,645,Iraq,1995,3,5,attempted,1,0,0,1,1,0,0,0,0,0,0,0,0,0,1,0,0,0,0,0,0,0
507,64505141995,645,Iraq,1995,5,14,attempted,1,0,0,1,1,0,0,0,0,0,0,0,0,0,1,0,0,0,0,0,0,0
508,64506151995,645,Iraq,1995,6,15,attempted,1,0,0,1,1,0,0,0,0,0,0,0,0,0,1,0,0,0,0,0,0,0
509,32506221947,325,Italy,1947,6,22,conspiracy,1,0,1,0,0,1,0,0,0,0,0,0,0,0,1,0,0,0,0,0,0,0
510,32510141993,325,Italy,1993,10,14,conspiracy,1,0,1,0,1,0,0,0,0,0,0,0,0,0,1,0,0,0,0,0,0,0
511,5106191980,51,Jamaica,1980,6,19,conspiracy,1,0,1,0,1,1,0,0,0,0,0,0,0,0,1,0,0,0,0,0,0,0
512,66304141957,663,Jordan,1957,4,14,attempted,1,0,0,1,1,0,0,0,0,0,0,0,0,0,1,0,0,0,0,0,0,0
513,66307011958,663,Jordan,1958,7,1,conspiracy,1,0,1,0,1,0,0,0,1,0,0,0,0,0,1,0,0,0,0,0,0,0
514,66303201959,663,Jordan,1959,3,20,conspiracy,1,0,1,0,1,0,0,0,0,0,0,0,0,0,1,0,0,0,0,0,0,0
515,66309011970,663,Jordan,1970,9,1,attempted,1,0,0,1,0,0,1,0,0,0,0,0,0,0,1,0,0,0,0,0,0,0
516,50108011982,501,Kenya,1982,8,1,attempted,1,0,0,1,1,0,0,0,0,0,0,0,0,0,1,0,0,0,0,0,0,0
517,70303242005,703,Kyrgyzstan,2005,3,24,coup,0,1,0,0,0,0,0,0,0,0,0,1,0,0,1,0,0,0,0,0,1,0
518,81212311959,812,Laos,1959,12,31,coup,0,1,0,0,1,0,0,0,0,0,1,0,0,0,1,0,0,0,0,0,0,0
519,81208091960,812,Laos,1960,8,9,coup,0,1,0,0,1,0,0,0,0,0,0,0,0,0,1,0,0,1,0,0,0,0
520,81212081960,812,Laos,1960,12,8,coup,0,1,0,0,1,0,0,0,0,0,0,0,0,0,1,0,0,0,0,0,1,0
521,81212131960,812,Laos,1960,12,13,coup,0,1,0,0,1,0,0,0,0,0,1,0,0,0,1,0,0,0,0,0,0,0
522,81204191964,812,Laos,1964,4,19,coup,0,1,0,0,1,0,0,0,1,0,0,0,0,0,1,0,0,0,0,0,0,0
523,81201311965,812,Laos,1965,1,31,attempted,1,0,0,1,1,0,0,0,0,0,0,0,0,0,1,0,0,0,0,0,0,0
524,81204161965,812,Laos,1965,4,16,attempted,1,0,0,1,0,1,0,0,0,0,0,0,0,0,1,0,0,0,0,0,0,0
525,81210211966,812,Laos,1966,10,21,attempted,1,0,0,1,1,0,0,0,0,0,0,0,0,0,1,0,0,0,0,0,0,0
526,81208201973,812,Laos,1973,8,20,attempted,1,0,0,1,1,1,0,0,0,0,0,0,0,0,1,0,0,0,0,0,0,0
527,81208241975,812,Laos,1975,8,24,coup,0,1,0,0,0,0,1,0,0,0,1,0,0,0,1,0,0,0,0,0,0,0
528,81212021975,812,Laos,1975,12,2,coup,0,1,0,0,0,0,1,0,0,0,1,0,0,0,1,0,0,0,0,0,0,0
529,66007071949,660,Lebanon,1949,7,7,attempted,1,0,0,1,0,1,0,0,0,0,0,0,0,0,1,0,0,0,0,0,0,0
530,66012311961,660,Lebanon,1961,12,31,attempted,1,0,0,1,0,1,0,0,0,0,0,0,0,0,1,0,0,0,0,0,0,0
531,66003161976,660,Lebanon,1976,3,12,attempted,1,0,0,1,1,0,0,0,0,0,0,0,0,0,1,0,0,0,0,0,0,0
532,57001301970,570,Lesotho,1970,1,30,coup,0,1,0,0,0,0,0,0,0,1,0,0,0,0,1,0,0,0,0,0,0,0
533,57001071974,570,Lesotho,1974,1,7,attempted,1,0,0,1,0,1,0,0,0,0,0,0,0,0,1,0,0,0,0,0,0,0
534,57001201986,570,Lesotho,1986,1,20,coup,0,1,0,0,1,0,0,0,0,0,0,0,0,0,1,0,0,1,0,0,0,0
535,57002191990,570,Lesotho,1990,2,19,conspiracy,1,0,1,0,1,0,0,0,0,0,0,0,0,0,1,0,0,0,0,0,0,0
536,57011121990,570,Lesotho,1990,11,12,coup,0,1,0,0,0,0,0,0,0,1,0,0,0,0,0,0,0,0,0,0,0,0
537,57004301991,570,Lesotho,1991,4,30,coup,0,1,0,0,1,0,0,0,0,0,0,0,0,0,1,0,0,0,1,0,0,0
538,57008171994,570,Lesotho,1994,8,17,coup,0,1,0,0,0,0,0,0,0,1,0,0,0,0,1,0,0,0,0,0,0,0
539,57002291996,570,Lesotho,1996,2,29,attempted,1,0,0,1,0,1,0,0,0,0,0,0,0,0,1,0,0,0,0,0,0,0
540,45002051963,450,Liberia,1963,2,5,attempted,1,0,0,1,1,1,0,0,0,0,0,0,0,0,1,0,0,0,0,0,0,0
541,45003071980,450,Liberia,1980,3,7,attempted,1,0,0,1,0,1,0,0,0,0,0,0,0,0,1,0,0,0,0,0,0,0
542,45004121980,450,Liberia,1980,4,12,coup,0,1,0,0,1,0,0,0,0,0,0,0,0,0,0,0,1,0,0,0,0,0
543,45008191984,450,Liberia,1984,8,19,conspiracy,1,0,1,0,1,1,0,0,0,0,0,0,0,0,1,0,0,0,0,0,0,0
544,45004011985,450,Liberia,1985,4,1,attempted,1,0,0,1,0,1,0,0,0,0,0,0,0,0,1,0,0,0,0,0,0,0
545,45011121985,450,Liberia,1985,11,12,attempted,1,0,0,1,1,0,0,1,0,0,0,0,0,0,1,0,0,0,0,0,0,0
546,45009041986,450,Liberia,1986,9,4,conspiracy,1,0,1,0,0,1,0,0,1,0,0,0,0,0,1,0,0,0,0,0,0,0
547,45003221988,450,Liberia,1988,3,22,conspiracy,1,0,1,0,0,1,0,0,0,0,0,0,0,0,1,0,0,0,0,0,0,0
548,45009091990,450,Liberia,1990,9,9,coup,0,1,0,0,0,0,1,0,0,0,0,0,0,0,0,0,1,0,0,0,0,0
549,45011221990,450,Liberia,1990,11,22,coup,0,1,0,0,0,0,0,0,0,0,0,0,0,0,1,0,0,0,0,0,0,0
550,45009071994,450,Liberia,1994,9,7,coup,0,1,0,0,0,0,0,1,0,0,0,0,0,0,1,0,0,0,0,0,0,0
551,45009151994,450,Liberia,1994,9,15,attempted,1,0,0,1,0,0,1,0,0,0,0,0,0,0,1,0,0,0,0,0,0,0
552,45006042003,450,Liberia,2003,6,4,conspiracy,1,0,1,0,0,0,0,1,1,0,0,0,0,0,1,0,0,0,0,0,0,0
553,62009011969,620,Libya,1969,9,1,coup,0,1,0,0,1,0,0,0,0,0,0,0,0,0,1,0,0,0,0,0,1,0
554,62012101969,620,Libya,1969,12,10,conspiracy,1,0,1,0,1,0,0,1,1,0,0,0,0,0,1,0,0,0,0,0,0,0
555,62008051975,620,Libya,1975,8,5,attempted,1,0,0,1,1,0,0,0,0,0,0,0,0,0,1,0,0,0,0,0,0,0
556,62008141975,620,Libya,1975,8,14,attempted,1,0,0,1,1,0,0,1,0,0,0,0,0,0,1,0,0,0,0,0,0,0
557,62004141986,620,Libya,1986,4,14,attempted,1,0,0,1,1,0,0,0,1,0,0,0,0,0,1,0,0,0,0,0,0,0
558,62010231993,620,Libya,1993,10,23,attempted,1,0,0,1,1,0,0,0,0,0,0,0,0,0,1,0,0,0,0,0,0,0
559,21208021946,212,Luxembourg,1946,8,2,conspiracy,1,0,1,0,1,1,0,0,0,0,0,0,0,0,1,0,0,0,0,0,0,0
560,58005091972,580,Madagascar,1972,5,9,coup,0,1,0,0,0,0,0,0,0,0,0,1,0,0,1,0,0,0,0,0,0,0
561,58010111972,580,Madagascar,1972,10,11,coup,0,1,0,0,0,0,0,0,0,0,1,0,0,0,1,0,0,0,0,0,0,0
562,58012311974,580,Madagascar,1974,12,31,attempted,1,0,0,1,1,0,0,0,0,0,0,0,0,0,1,0,0,0,0,0,0,0
563,58002051975,580,Madagascar,1975,2,5,coup,0,1,0,0,0,0,0,0,0,0,0,0,0,0,1,0,0,0,0,0,0,0
564,58001241982,580,Madagascar,1982,1,24,conspiracy,1,0,1,0,1,1,0,0,0,0,0,0,0,0,1,0,0,0,0,0,0,0
565,58007241989,580,Madagascar,1989,7,24,attempted,1,0,0,1,0,1,0,0,0,0,0,0,0,0,1,0,0,0,0,0,0,0
566,58005131990,580,Madagascar,1990,5,13,attempted,1,0,0,1,0,1,0,0,0,0,0,0,0,0,1,0,0,0,0,0,0,0
567,55303262001,553,Malawi,2001,3,26,conspiracy,1,0,1,0,0,1,0,0,0,0,0,0,0,1,1,0,0,0,0,0,0,0
568,82003011965,820,Malaysia,1965,3,1,conspiracy,1,0,1,0,0,1,0,0,1,0,0,0,0,0,1,0,0,0,0,0,0,0
569,82005171969,820,Malaysia,1969,5,17,coup,0,1,0,0,0,0,0,0,0,0,0,1,0,0,1,0,0,0,0,0,0,0
570,82011191985,820,Malaysia,1985,11,19,conspiracy,1,0,1,0,0,1,0,0,0,0,0,0,0,0,1,0,0,0,0,0,0,0
571,78104261980,781,Maldives,1980,4,26,attempted,1,0,0,1,0,1,0,0,0,0,0,0,0,0,1,0,0,0,0,0,0,0
572,78109101983,781,Maldives,1983,9,10,conspiracy,1,0,1,0,0,0,0,0,0,0,0,0,0,1,0,0,0,0,0,0,0,0
573,78111031988,781,Maldives,1988,11,3,attempted,1,0,0,1,0,1,0,0,0,0,0,0,0,0,1,0,0,0,0,0,1,0
574,43211191968,432,Mali,1968,11,19,coup,0,1,0,0,1,0,0,0,0,0,0,0,0,0,1,0,0,0,1,0,0,0
575,43208121969,432,Mali,1969,8,12,attempted,1,0,0,1,0,0,0,0,0,0,0,0,0,1,1,0,0,0,0,0,0,0
576,43204071971,432,Mali,1971,4,7,conspiracy,1,0,1,0,0,0,0,1,0,0,0,0,0,0,1,0,0,0,0,0,0,0
577,43202281978,432,Mali,1978,2,28,conspiracy,1,0,1,0,1,1,0,1,0,0,0,0,0,0,1,0,0,0,0,0,0,0
578,43203261991,432,Mali,1991,3,26,coup,0,1,0,0,1,0,0,0,0,0,0,1,0,0,1,0,0,0,1,0,0,0
579,43207141991,432,Mali,1991,7,14,attempted,1,0,0,1,1,0,0,0,0,0,0,0,0,0,1,0,0,0,0,0,0,0
580,43212091993,432,Mali,1993,12,9,conspiracy,1,0,1,0,1,0,0,0,0,0,0,0,0,0,1,0,0,0,0,0,0,0
581,43210271996,432,Mali,1996,10,27,conspiracy,1,0,1,0,0,1,0,0,0,0,0,0,0,0,1,0,0,0,0,0,0,0
582,43507101978,435,Mauritania,1978,7,10,coup,0,1,0,0,1,0,0,0,0,0,0,0,0,0,1,0,0,0,1,0,0,0
583,43504061979,435,Mauritania,1979,4,6,coup,0,1,0,0,0,0,0,1,0,0,0,0,0,0,1,0,0,0,0,0,0,0
584,43501041980,435,Mauritania,1980,1,4,coup,0,1,0,0,0,0,0,1,0,0,0,0,0,0,1,0,0,0,0,0,0,0
585,43503161981,435,Mauritania,1981,3,16,attempted,1,0,0,1,0,1,0,0,1,0,0,0,0,0,1,0,0,0,0,0,0,0
586,43502061982,435,Mauritania,1982,2,6,attempted,1,0,0,1,0,1,0,0,0,0,0,0,1,0,1,0,0,0,0,0,0,0
587,43512121984,435,Mauritania,1984,12,12,coup,0,1,0,0,0,0,0,0,0,0,0,0,0,0,1,0,0,0,1,0,0,0
588,43510221987,435,Mauritania,1987,10,22,conspiracy,1,0,1,0,1,1,0,0,0,0,0,0,0,0,1,0,0,0,0,0,0,0
589,43506082003,435,Mauritania,2003,6,8,attempted,1,0,0,1,1,1,0,0,0,0,0,0,0,0,1,0,0,0,0,0,0,0
590,43508102004,435,Mauritania,2004,8,10,conspiracy,1,0,1,0,1,0,0,0,0,0,0,0,0,0,1,0,0,0,0,0,0,0
591,43509272004,435,Mauritania,2004,9,27,conspiracy,1,0,1,0,0,1,0,0,1,0,0,0,0,0,1,0,0,0,0,0,0,0
592,43508032005,435,Mauritania,2005,8,3,coup,0,1,0,0,1,0,0,0,0,0,0,0,0,0,1,0,0,0,0,0,0,1
593,7003161971,70,Mexico,1971,3,16,conspiracy,1,0,1,0,0,1,0,0,0,0,0,0,0,0,1,0,0,0,0,0,0,0
594,71208231984,712,Mongolia,1984,8,23,coup,0,1,0,0,0,1,0,0,0,0,0,0,0,0,1,0,0,0,0,0,0,0
595,71203121990,712,Mongolia,1990,3,12,coup,0,1,0,0,0,0,0,0,0,0,1,1,0,0,1,0,0,0,0,0,0,0
596,60007201963,600,Morocco,1963,7,20,conspiracy,1,0,1,0,0,1,0,0,0,0,0,0,0,0,1,0,0,0,0,0,0,0
597,60007101971,600,Morocco,1971,7,10,attempted,1,0,0,1,1,0,0,0,1,0,0,0,0,0,1,0,0,1,0,0,0,0
598,60008161972,600,Morocco,1972,8,16,attempted,1,0,0,1,1,0,0,0,0,0,0,0,0,0,1,0,0,0,0,0,0,0
599,54112171975,541,Mozambique,1975,12,17,attempted,1,0,0,1,0,0,0,0,0,0,0,0,0,0,1,0,0,0,0,0,0,0
600,54106241991,541,Mozambique,1991,6,24,conspiracy,1,0,1,0,1,1,0,0,0,0,0,0,0,0,1,0,0,0,0,0,0,0
601,77508091948,775,Myanmar,1948,8,9,attempted,1,0,0,1,1,0,1,0,0,0,0,0,0,0,1,0,0,0,0,0,0,0
602,77509261958,775,Myanmar,1958,9,26,coup,0,1,0,0,1,0,0,0,0,0,1,0,0,0,1,0,0,0,0,0,0,0
603,77503021962,775,Myanmar,1962,3,2,coup,0,1,0,0,1,0,0,0,0,0,0,0,0,0,1,0,0,0,0,0,0,0
604,77508121988,775,Myanmar,1988,8,12,coup,0,1,0,0,0,0,0,0,0,0,1,1,0,0,1,0,0,0,0,0,0,0
605,77509181988,775,Myanmar,1988,9,18,coup,0,1,0,0,0,0,0,0,0,0,1,1,0,0,1,0,0,0,0,0,0,0
606,77504231992,775,Myanmar,1992,4,23,coup,0,1,0,0,0,0,0,1,0,0,1,0,0,0,1,0,0,0,0,0,0,0
607,77503072002,775,Myanmar,2002,3,7,conspiracy,1,0,1,0,0,1,0,0,0,0,0,0,0,0,1,0,0,0,0,0,0,0
608,79012151960,790,Nepal,1960,12,15,coup,0,1,0,0,0,0,0,0,0,1,0,0,0,0,1,0,0,0,0,0,0,0
609,79010042002,790,Nepal,2002,10,4,coup,0,1,0,0,0,0,0,0,0,1,0,0,0,0,1,0,0,0,0,0,0,0
610,79002012005,790,Nepal,2005,2,1,coup,0,1,0,0,0,0,0,0,0,1,0,0,0,0,0,0,0,0,0,0,0,0
611,9305251947,93,Nicaragua,1947,5,25,coup,0,1,0,0,1,0,0,1,0,0,1,0,0,0,1,0,0,0,0,0,0,0
612,9311051957,93,Nicaragua,1957,11,5,conspiracy,1,0,1,0,1,0,0,0,0,0,0,0,0,0,1,0,0,0,0,0,0,0
613,9301221967,93,Nicaragua,1967,1,22,attempted,1,0,0,1,0,1,0,0,0,0,0,0,0,0,1,0,0,0,0,0,0,0
614,9308281978,93,Nicaragua,1978,8,28,attempted,1,0,0,1,1,0,0,0,0,0,0,0,0,0,1,0,0,0,0,0,0,0
615,9307171979,93,Nicaragua,1979,7,17,coup,0,1,0,0,0,0,1,0,0,0,1,0,0,0,1,0,0,0,0,0,1,0
616,9311171980,93,Nicaragua,1980,11,17,attempted,1,0,0,1,0,0,0,0,0,0,0,0,0,0,1,0,0,0,0,0,0,0
617,43604151974,436,Niger,1974,4,15,coup,0,1,0,0,1,0,0,0,0,0,0,0,0,0,1,0,0,1,1,0,0,0
618,43608021975,436,Niger,1975,8,2,conspiracy,1,0,1,0,1,0,0,0,0,0,0,0,0,0,1,0,0,0,0,0,0,0
619,43603151976,436,Niger,1976,3,15,attempted,1,0,0,1,1,0,0,0,0,0,0,0,0,0,1,0,0,0,0,0,0,0
620,43610051983,436,Niger,1983,10,5,attempted,1,0,0,1,1,0,0,0,0,0,0,0,0,0,1,0,0,0,0,0,0,0
621,43601271996,436,Niger,1996,1,27,coup,0,1,0,0,1,0,0,0,0,0,0,0,0,0,1,0,0,1,1,0,0,0
622,43601021998,436,Niger,1998,1,2,conspiracy,1,0,1,0,0,1,0,0,0,0,0,0,0,0,1,0,0,0,0,0,0,0
623,43604091999,436,Niger,1999,4,9,coup,0,1,0,0,1,0,0,0,0,0,0,0,0,0,0,0,1,0,0,0,0,0
624,47510011962,475,Nigeria,1962,10,1,conspiracy,1,0,1,0,0,1,0,0,0,0,0,0,0,0,1,0,0,0,0,0,0,0
625,47501151966,475,Nigeria,1966,1,15,coup,0,1,0,0,1,0,0,0,0,0,0,1,0,0,0,0,1,0,0,0,0,0
626,47507291966,475,Nigeria,1966,7,29,coup,0,1,0,0,1,0,0,0,0,0,0,0,0,0,0,0,1,0,0,0,0,0
627,47507291975,475,Nigeria,1975,7,29,coup,0,1,0,0,1,0,0,0,0,0,0,0,0,0,1,0,0,0,0,0,0,1
628,47502131976,475,Nigeria,1976,2,13,attempted,1,0,0,1,1,0,0,0,0,0,0,0,0,0,0,0,1,0,0,0,0,0
629,47512311983,475,Nigeria,1983,12,31,coup,0,1,0,0,1,0,0,0,0,0,0,0,0,0,1,0,0,0,1,0,0,0
630,47508271985,475,Nigeria,1985,8,27,coup,0,1,0,0,0,0,0,1,0,0,0,0,0,0,1,0,0,1,0,0,0,0
631,47512201985,475,Nigeria,1985,12,20,conspiracy,1,0,1,0,1,0,0,0,0,0,0,0,0,0,1,0,0,0,0,0,0,0
632,47504221990,475,Nigeria,1990,4,22,attempted,1,0,0,1,1,0,0,0,0,0,0,0,0,0,1,0,0,0,0,0,0,0
633,47508261993,475,Nigeria,1993,8,26,coup,0,1,0,0,0,0,0,0,0,0,1,1,0,0,1,0,0,0,0,0,0,0
634,47511171993,475,Nigeria,1993,11,17,coup,0,1,0,0,1,0,0,1,0,0,0,0,0,0,1,0,0,0,0,0,0,0
635,47503141995,475,Nigeria,1995,3,14,conspiracy,1,0,1,0,1,0,0,0,0,0,0,0,0,0,1,0,0,0,0,0,0,0
636,47512221997,475,Nigeria,1997,12,22,conspiracy,1,0,1,0,1,0,0,1,0,0,0,0,0,0,1,0,0,0,0,0,0,0
637,47503302004,475,Nigeria,2004,3,30,conspiracy,1,0,1,0,1,0,0,0,0,0,0,0,0,0,1,0,0,0,0,0,0,0
638,69807231970,698,Oman,1970,7,23,coup,0,1,0,0,0,0,0,0,0,0,0,0,0,0,1,0,0,0,0,0,0,1
639,69801262005,698,Oman,2005,1,26,conspiracy,1,0,1,0,0,1,0,0,0,0,0,0,0,0,1,0,0,0,0,0,0,0
640,77003091951,770,Pakistan,1951,3,9,conspiracy,1,0,1,0,1,1,0,0,0,0,0,0,0,0,1,0,0,0,0,0,0,0
641,77010071958,770,Pakistan,1958,10,7,coup,0,1,0,0,0,0,0,0,0,1,0,0,0,0,1,0,0,0,0,0,0,0
642,77010271958,770,Pakistan,1958,10,27,coup,0,1,0,0,1,0,0,1,0,0,0,0,0,0,1,0,0,0,0,0,0,1
643,77003251969,770,Pakistan,1969,3,25,coup,0,1,0,0,0,0,0,0,0,0,0,1,0,0,1,0,0,0,0,0,0,0
644,77012201971,770,Pakistan,1971,12,20,coup,0,1,0,0,0,0,0,0,0,0,0,1,0,0,1,0,0,0,0,0,0,0
645,77007051977,770,Pakistan,1977,7,5,coup,0,1,0,0,1,0,0,0,1,0,0,1,0,0,1,0,0,0,0,0,0,0
646,77001021984,770,Pakistan,1984,1,2,attempted,1,0,0,1,1,0,0,0,0,0,0,0,0,0,1,0,0,0,0,0,0,0
647,77010121999,770,Pakistan,1999,10,12,coup,0,1,0,0,1,0,0,0,0,0,0,0,0,0,1,0,0,1,0,1,0,1
648,9511201949,95,Panama,1949,11,20,coup,0,1,0,0,0,0,0,0,0,0,1,0,0,0,1,0,0,0,0,0,0,0
649,9505091951,95,Panama,1951,5,9,coup,0,1,0,0,0,0,0,1,0,0,1,0,0,0,1,0,0,0,1,0,0,0
650,9504261959,95,Panama,1959,4,26,attempted,1,0,0,1,0,1,0,0,0,0,0,0,0,0,1,0,0,0,0,0,0,0
651,9510111968,95,Panama,1968,10,11,coup,0,1,0,0,1,0,0,0,0,0,0,0,0,0,1,0,0,0,0,0,1,0
652,9512141969,95,Panama,1969,12,14,coup,0,1,0,0,1,0,0,0,0,0,0,0,0,0,1,0,0,0,0,0,0,1
653,9512161969,95,Panama,1969,12,16,coup,0,1,0,0,1,0,0,0,0,0,0,0,1,0,1,0,0,0,1,0,0,0
654,9503031982,95,Panama,1982,3,3,coup,0,1,0,0,1,0,0,0,0,0,0,0,0,0,1,0,0,0,0,0,0,0
655,9507301982,95,Panama,1982,7,30,coup,0,1,0,0,1,0,0,0,0,0,1,0,0,0,1,0,0,0,0,0,0,0
656,9509141983,95,Panama,1983,9,14,conspiracy,1,0,1,0,0,1,0,0,0,0,0,0,0,0,1,0,0,0,0,0,0,0
657,9503161988,95,Panama,1988,3,16,attempted,1,0,0,1,1,0,0,0,0,0,0,0,0,0,1,0,0,0,0,0,0,0
658,9510031989,95,Panama,1989,10,3,attempted,1,0,0,1,0,1,0,0,0,0,0,0,0,0,1,0,0,0,1,1,0,1
659,9512211989,95,Panama,1989,12,21,coup,0,1,0,0,0,0,0,0,1,0,0,0,0,0,1,0,0,0,1,0,0,0
660,9510161990,95,Panama,1990,10,16,conspiracy,1,0,1,0,1,0,0,0,0,0,0,0,0,0,1,0,0,0,0,0,0,0
661,9512051990,95,Panama,1990,12,5,conspiracy,1,0,1,0,1,0,0,0,0,0,0,0,0,0,1,0,0,0,0,0,0,0
662,9510081991,95,Panama,1991,10,8,conspiracy,1,0,1,0,1,0,0,0,0,0,0,0,0,0,1,0,0,0,0,0,0,0
663,9501121995,95,Panama,1995,1,12,conspiracy,1,0,1,0,0,1,0,0,0,0,0,0,0,0,1,0,0,0,0,0,0,0
664,91003141990,910,Papua New Guinea,1990,3,14,attempted,1,0,0,1,1,1,0,0,0,0,0,0,0,0,1,0,0,0,0,0,0,0
665,15003071947,150,Paraguay,1947,3,7,attempted,1,0,0,1,1,0,0,0,0,0,1,1,0,0,1,0,0,0,0,0,0,0
666,15004301947,150,Paraguay,1947,4,30,attempted,1,0,0,1,1,0,1,0,0,0,0,0,0,0,1,0,0,0,0,0,0,0
667,15004111948,150,Paraguay,1948,4,11,conspiracy,1,0,1,0,0,0,1,0,0,0,0,0,0,0,1,0,0,0,0,0,0,0
668,15006031948,150,Paraguay,1948,6,3,coup,0,1,0,0,1,0,0,0,0,0,0,0,0,0,1,0,0,0,0,0,0,1
669,15010251948,150,Paraguay,1948,10,25,attempted,1,0,0,1,1,1,0,0,0,0,0,0,0,0,1,0,0,0,0,0,0,0
670,15001301949,150,Paraguay,1949,1,30,coup,0,1,0,0,1,0,0,1,0,0,0,0,0,0,1,0,0,0,0,0,1,0
671,15002261949,150,Paraguay,1949,2,26,coup,0,1,0,0,1,1,0,0,0,0,0,0,0,0,1,0,0,0,0,0,0,0
672,15009121949,150,Paraguay,1949,9,12,coup,0,1,0,0,0,0,0,1,0,0,1,0,0,0,1,0,0,0,0,0,0,0
673,15005051954,150,Paraguay,1954,5,5,coup,0,1,0,0,1,0,0,0,0,0,0,0,0,0,1,0,0,0,1,0,0,0
674,15012211955,150,Paraguay,1955,12,21,attempted,1,0,0,1,0,0,1,0,0,0,1,0,0,0,1,0,0,0,0,0,0,0
675,15012121959,150,Paraguay,1959,12,12,attempted,1,0,0,1,0,1,0,0,0,0,0,0,0,0,1,0,0,0,0,0,0,0
676,15002031989,150,Paraguay,1989,2,3,coup,0,1,0,0,1,0,0,0,0,0,0,0,0,0,1,0,0,0,1,0,0,0
677,15004221996,150,Paraguay,1996,4,22,attempted,1,0,0,1,1,0,0,0,0,0,0,0,0,0,1,0,0,0,0,0,0,0
678,15005182000,150,Paraguay,2000,5,18,attempted,1,0,0,1,0,1,0,0,0,0,0,0,0,0,1,0,0,0,0,0,0,0
679,13510041948,135,Peru,1948,10,4,attempted,1,0,0,1,1,0,0,0,0,0,0,0,0,0,1,0,0,0,0,0,0,0
680,13510291948,135,Peru,1948,10,29,coup,0,1,0,0,1,0,0,0,0,0,1,0,0,0,1,0,0,0,0,0,0,1
681,13508101954,135,Peru,1954,8,10,attempted,1,0,0,1,1,0,0,0,0,0,0,0,0,0,1,0,0,0,0,0,0,0
682,13502161956,135,Peru,1956,2,16,attempted,1,0,0,1,1,0,0,0,0,0,0,0,0,0,1,0,0,0,0,0,0,0
683,13507181962,135,Peru,1962,7,18,coup,0,1,0,0,1,0,0,0,0,0,0,0,0,0,1,0,0,0,0,0,0,0
684,13503031963,135,Peru,1963,3,3,coup,0,1,0,0,0,0,0,1,0,0,0,0,0,0,1,0,0,0,0,0,0,0
685,13510031968,135,Peru,1968,10,3,coup,0,1,0,0,1,0,0,0,0,0,0,0,0,0,1,0,0,0,0,0,0,1
686,13508291975,135,Peru,1975,8,29,coup,0,1,0,0,0,0,0,1,0,0,0,0,0,0,1,0,0,0,0,0,0,0
687,13507091976,135,Peru,1976,7,9,attempted,1,0,0,1,1,0,0,0,0,0,0,0,0,0,1,0,0,0,0,0,0,0
688,13504041992,135,Peru,1992,4,4,coup,0,1,0,0,0,0,0,0,0,1,0,0,0,0,1,0,0,0,0,0,0,0
689,13510292000,135,Peru,2000,10,29,attempted,1,0,0,1,1,0,0,0,0,0,0,0,0,0,1,0,0,0,0,0,0,0
690,84010181950,840,Philippines,1950,10,18,conspiracy,1,0,1,0,0,1,1,0,0,0,0,0,0,0,1,0,0,0,0,0,0,0
691,84002251986,840,Philippines,1986,2,25,coup,0,1,0,0,1,0,0,0,0,0,0,1,0,0,1,0,0,0,0,0,1,0
692,84007061986,840,Philippines,1986,7,6,attempted,1,0,0,1,1,1,0,0,0,0,0,0,0,0,1,0,0,0,0,0,0,0
693,84011221986,840,Philippines,1986,11,22,attempted,1,0,0,1,1,0,0,0,0,0,0,0,0,0,1,0,0,0,0,0,0,0
694,84001271987,840,Philippines,1987,1,27,attempted,1,0,0,1,1,0,0,0,0,0,0,0,0,0,1,0,0,0,0,0,0,0
695,84008271987,840,Philippines,1987,8,27,attempted,1,0,0,1,1,0,0,0,0,0,0,0,0,0,1,0,0,0,0,0,0,0
696,84012011989,840,Philippines,1989,12,1,attempted,1,0,0,1,1,0,0,0,0,0,0,0,0,0,1,0,0,0,0,0,0,0
697,84003041990,840,Philippines,1990,3,4,attempted,1,0,0,1,0,1,0,0,0,0,0,0,0,0,1,0,0,0,0,0,0,0
698,84010041990,840,Philippines,1990,10,4,attempted,1,0,0,1,1,0,0,0,0,0,0,0,0,0,1,0,0,0,0,0,0,0
699,84001202001,840,Philippines,2001,1,20,coup,0,1,0,0,0,0,0,0,0,0,1,1,0,0,1,0,0,0,1,1,0,0
700,84004292001,840,Philippines,2001,4,29,attempted,1,0,0,1,1,1,0,0,0,0,0,1,0,0,1,0,0,0,0,0,0,0
701,84007272003,840,Philippines,2003,7,27,conspiracy,1,0,1,0,1,0,0,0,0,0,0,0,0,0,1,0,0,0,0,0,0,0
702,29009061980,290,Poland,1980,9,6,coup,0,1,0,0,0,0,0,1,0,0,0,1,0,0,1,0,0,0,0,0,0,0
703,29010121981,290,Poland,1981,10,12,coup,0,1,0,0,0,0,0,1,0,0,0,0,0,0,1,0,0,0,0,0,0,0
704,23510101950,235,Portugal,1950,10,10,conspiracy,1,0,1,0,0,1,0,0,0,0,0,0,0,0,1,0,0,0,0,0,0,0
705,23503151959,235,Portugal,1959,3,15,conspiracy,1,0,1,0,1,0,0,0,0,0,0,0,0,0,1,0,0,0,0,0,0,0
706,23501011962,235,Portugal,1962,1,1,attempted,1,0,0,1,1,1,0,0,0,0,0,0,0,0,1,0,0,0,0,0,0,0
707,23504251974,235,Portugal,1974,4,25,coup,0,1,0,0,1,0,0,0,0,0,0,0,0,0,1,0,0,0,0,0,0,1
708,23509281974,235,Portugal,1974,9,28,attempted,1,0,0,1,0,0,0,1,0,0,0,0,0,0,1,0,0,0,0,0,0,0
709,23509301974,235,Portugal,1974,9,30,coup,0,1,0,0,1,0,0,0,0,0,0,0,0,0,1,0,0,0,0,0,0,0
710,23503111975,235,Portugal,1975,3,11,attempted,1,0,0,1,1,0,0,0,0,0,0,0,0,0,1,0,0,0,0,0,0,0
711,23507311975,235,Portugal,1975,7,31,coup,0,1,0,0,1,0,0,0,0,0,0,0,0,0,1,0,0,0,0,0,0,0
712,23511251975,235,Portugal,1975,11,25,attempted,1,0,0,1,1,1,0,0,0,0,0,0,0,0,1,0,0,0,0,0,0,0
713,69402221972,694,Qatar,1972,2,22,coup,0,1,0,0,0,0,0,1,0,0,0,0,0,0,1,0,0,0,0,0,0,1
714,69406271995,694,Qatar,1995,6,27,coup,0,1,0,0,0,0,0,1,0,0,0,0,0,0,1,0,0,0,0,0,0,1
715,69402201996,694,Qatar,1996,2,20,attempted,1,0,0,1,0,1,0,0,1,0,0,0,0,0,1,0,0,0,0,0,0,0
716,73204271960,732,Republic of Korea,1960,4,27,coup,0,1,0,0,0,0,0,0,0,0,0,1,0,0,1,0,0,0,0,0,0,1
717,73205161961,732,Republic of Korea,1961,5,16,coup,0,1,0,0,0,0,0,1,0,0,0,0,0,0,1,0,0,0,0,0,0,0
718,73207031961,732,Republic of Korea,1961,7,3,coup,0,1,0,0,1,0,0,1,0,0,1,0,0,0,1,0,0,0,0,0,0,0
719,73206011962,732,Republic of Korea,1962,6,1,conspiracy,1,0,1,0,1,1,0,0,0,0,0,0,0,0,1,0,0,0,0,0,0,0
720,73212121979,732,Republic of Korea,1979,12,12,coup,0,1,0,0,1,0,0,0,0,0,0,0,0,0,0,1,0,0,1,0,0,0
721,73205171980,732,Republic of Korea,1980,5,17,coup,0,1,0,0,1,0,0,0,0,1,0,0,0,0,1,0,0,0,0,0,0,0
722,73205181980,732,Republic of Korea,1980,5,18,attempted,1,0,0,1,0,0,0,0,0,0,0,1,0,0,1,0,0,0,0,0,0,0
723,73208211990,732,Republic of Korea,1990,8,21,conspiracy,1,0,1,0,1,1,0,0,0,0,0,0,0,0,1,0,0,0,0,0,0,0
724,81711111960,817,Republic of Vietnam,1960,11,11,attempted,1,0,0,1,1,1,0,0,0,0,0,0,0,0,1,0,0,0,0,0,0,0
725,81711011963,817,Republic of Vietnam,1963,11,1,coup,0,1,0,0,1,0,0,0,0,0,0,0,0,0,1,0,0,0,0,0,0,0
726,81701301964,817,Republic of Vietnam,1964,1,30,coup,0,1,0,0,1,0,0,0,0,0,0,0,0,0,1,0,0,0,0,0,0,0
727,81709131964,817,Republic of Vietnam,1964,9,13,attempted,1,0,0,1,1,0,0,0,0,0,0,0,0,0,1,0,0,0,0,0,0,0
728,81701271965,817,Republic of Vietnam,1965,1,27,coup,0,1,0,0,1,0,0,1,0,0,0,0,0,0,1,0,0,0,0,0,0,0
729,81702191965,817,Republic of Vietnam,1965,2,19,coup,0,1,0,0,0,0,0,0,0,0,0,0,0,0,1,0,0,0,0,0,0,0
730,81706111965,817,Republic of Vietnam,1965,6,11,coup,0,1,0,0,0,0,0,0,0,0,0,0,0,0,1,0,0,0,0,0,0,0
731,81704211975,817,Republic of Vietnam,1975,4,21,coup,0,1,0,0,0,0,1,0,0,0,1,0,0,0,1,0,0,0,0,0,1,0
732,81704301975,817,Republic of Vietnam,1975,4,30,coup,0,1,0,0,1,0,1,0,0,0,0,1,0,0,1,0,0,1,0,0,0,0
733,36012311947,360,Rumania,1947,12,31,coup,0,1,0,0,0,0,0,1,0,0,1,0,0,0,1,0,0,0,0,0,0,1
734,36012251989,360,Rumania,1989,12,25,coup,0,1,0,0,1,0,0,0,0,0,0,1,0,0,0,0,1,0,1,1,0,0
735,36010011991,360,Rumania,1991,10,1,coup,0,1,0,0,0,0,0,0,0,0,0,1,0,0,1,0,0,0,0,0,0,0
736,39309211993,393,Russia,1993,9,21,coup,0,1,0,0,0,0,0,0,0,1,0,0,0,0,1,0,0,0,0,0,0,0
737,39309231993,393,Russia,1993,9,23,attempted,1,0,0,1,0,0,0,1,0,0,0,0,0,0,1,0,0,0,0,0,0,0
738,51707051973,517,Rwanda,1973,7,5,coup,0,1,0,0,1,0,0,1,0,0,0,0,0,0,0,0,1,1,0,0,0,0
739,51705051980,517,Rwanda,1980,5,5,conspiracy,1,0,1,0,0,1,0,0,0,0,0,0,0,0,1,0,0,0,0,0,0,0
740,51704071994,517,Rwanda,1994,4,7,coup,0,1,0,0,1,1,0,0,0,0,0,0,0,0,0,0,1,0,0,0,0,0
741,40308151995,403,Sao Tome and Principe,1995,8,15,coup,0,1,0,0,1,0,0,0,0,0,0,0,0,0,1,0,0,0,1,0,0,0
742,40307162003,403,Sao Tome and Principe,2003,7,16,coup,0,1,0,0,1,0,0,0,0,0,0,0,0,0,1,0,0,0,0,0,0,0
743,43312171962,433,Senegal,1962,12,17,attempted,1,0,0,1,0,0,0,1,0,0,0,0,0,0,1,0,0,0,0,0,0,0
744,34010071999,340,Serbia,1999,10,7,coup,0,1,0,0,0,0,0,0,0,0,1,1,0,0,1,0,0,0,0,0,1,0
745,59106051977,591,Seychelles,1977,6,5,coup,0,1,0,0,0,1,0,1,0,0,0,0,0,0,1,0,0,0,0,0,0,1
746,59111161979,591,Seychelles,1979,11,16,conspiracy,1,0,1,0,0,1,0,0,1,0,0,0,0,0,1,0,0,0,0,0,0,0
747,59111251981,591,Seychelles,1981,11,25,attempted,1,0,0,1,0,1,0,0,1,0,0,0,0,0,1,0,0,0,0,0,0,0
748,45102011967,451,Sierra Leone,1967,2,1,conspiracy,1,0,1,0,1,1,0,0,0,0,0,0,0,0,1,0,0,0,0,0,0,0
749,45103211967,451,Sierra Leone,1967,3,21,coup,0,1,0,0,1,0,0,0,0,0,0,0,0,0,1,0,0,1,0,0,0,0
750,45103231967,451,Sierra Leone,1967,3,23,coup,0,1,0,0,1,0,0,0,0,0,0,0,0,0,1,0,0,0,1,0,0,0
751,45104181968,451,Sierra Leone,1968,4,18,coup,0,1,0,0,1,0,0,0,0,0,0,0,1,0,1,0,0,0,0,0,0,0
752,45103231971,451,Sierra Leone,1971,3,23,attempted,1,0,0,1,1,0,0,0,0,0,0,0,0,0,1,0,0,0,0,0,0,0
753,45103231987,451,Sierra Leone,1987,3,23,attempted,1,0,0,1,0,1,0,0,0,0,0,0,0,0,1,0,0,0,0,0,0,0
754,45104301992,451,Sierra Leone,1992,4,30,coup,0,1,0,0,1,0,0,0,0,0,0,0,0,0,1,0,0,0,0,0,0,1
755,45112291992,451,Sierra Leone,1992,12,29,attempted,1,0,0,1,1,0,0,0,0,0,0,0,0,0,1,0,0,0,0,0,0,0
756,45110161993,451,Sierra Leone,1993,10,16,conspiracy,1,0,1,0,0,1,0,0,0,0,0,0,0,0,1,0,0,0,0,0,0,0
757,45110021995,451,Sierra Leone,1995,10,2,attempted,1,0,0,1,1,0,0,0,0,0,0,0,0,0,1,0,0,0,0,0,0,0
758,45101161996,451,Sierra Leone,1996,1,16,coup,0,1,0,0,1,0,0,0,0,0,0,0,0,0,1,0,0,0,0,0,1,0
759,45109081996,451,Sierra Leone,1996,9,8,attempted,1,0,0,1,1,0,0,0,0,0,0,0,0,0,1,0,0,0,0,0,0,0
760,45105251997,451,Sierra Leone,1997,5,25,coup,0,1,0,0,1,0,0,0,0,0,0,0,0,0,1,0,0,0,0,0,0,1
761,45102121998,451,Sierra Leone,1998,2,12,coup,0,1,0,0,0,0,0,0,1,0,0,0,0,0,1,0,0,0,0,0,0,0
762,52012101961,520,Somalia,1961,12,10,attempted,1,0,0,1,1,0,0,0,0,0,0,0,0,0,1,0,0,0,0,0,0,0
763,52010211969,520,Somalia,1969,10,21,coup,0,1,0,0,1,0,0,0,0,0,0,0,0,0,1,0,0,0,0,0,0,0
764,52004211970,520,Somalia,1970,4,27,attempted,1,0,0,1,0,1,0,0,0,0,0,0,0,0,1,0,0,0,0,0,0,0
765,52004271970,520,Somalia,1970,4,27,conspiracy,1,0,1,0,0,1,0,0,0,0,0,0,0,0,1,0,0,0,0,0,0,0
766,52005251971,520,Somalia,1971,5,25,conspiracy,1,0,1,0,1,0,0,1,0,0,0,0,0,0,1,0,0,0,0,0,0,0
767,52004091978,520,Somalia,1978,4,9,attempted,1,0,0,1,0,1,0,0,0,0,0,0,0,0,1,0,0,0,0,0,0,0
768,52001261991,520,Somalia,1991,1,26,coup,0,1,0,0,0,0,1,0,0,0,0,0,0,0,1,0,0,0,0,0,1,0
769,23011171978,230,Spain,1978,11,17,conspiracy,1,0,1,0,1,1,0,0,0,0,0,0,0,0,1,0,0,0,0,0,0,0
770,23001251980,230,Spain,1980,1,25,conspiracy,1,0,1,0,1,0,0,0,0,0,0,0,0,0,1,0,0,0,0,0,0,0
771,23002231981,230,Spain,1981,2,23,attempted,1,0,0,1,1,0,0,0,0,0,0,0,0,0,1,0,0,0,0,0,0,0
772,23010011982,230,Spain,1982,10,1,conspiracy,1,0,1,0,1,0,0,0,0,0,1,0,0,0,1,0,0,0,0,0,0,0
773,78001271962,780,Sri Lanka,1962,1,27,conspiracy,1,0,1,0,1,0,0,0,0,0,0,0,0,0,1,0,0,0,0,0,0,0
774,78002171966,780,Sri Lanka,1966,2,17,conspiracy,1,0,1,0,1,0,0,0,0,0,0,0,0,0,1,0,0,0,0,0,0,0
775,62508181955,625,Sudan,1955,8,18,attempted,1,0,0,1,1,0,0,0,0,0,0,0,0,0,1,0,0,0,0,0,0,0
776,62511171958,625,Sudan,1958,11,17,coup,0,1,0,0,1,0,0,0,0,0,0,0,0,0,1,0,0,0,0,0,0,0
777,62511091959,625,Sudan,1959,11,9,attempted,1,0,0,1,1,0,0,0,0,0,0,0,0,0,1,0,0,0,0,0,0,0
778,62511161964,625,Sudan,1964,11,16,coup,0,1,0,0,0,0,0,0,0,0,1,1,0,0,1,0,0,0,0,0,1,0
779,62512281966,625,Sudan,1966,12,28,attempted,1,0,0,1,1,1,0,0,0,0,0,0,0,0,1,0,0,0,0,0,0,0
780,62505251969,625,Sudan,1969,5,25,coup,0,1,0,0,1,0,0,0,0,0,0,0,0,0,1,0,0,0,0,0,0,0
781,62507201969,625,Sudan,1969,7,20,conspiracy,1,0,1,0,0,1,0,0,1,0,1,0,0,0,1,0,0,0,0,0,0,0
782,62501071970,625,Sudan,1970,1,13,conspiracy,1,0,1,0,0,1,0,0,0,0,0,0,0,0,1,0,0,0,0,0,0,0
783,62503301970,625,Sudan,1970,3,30,attempted,1,0,0,1,0,0,1,0,0,0,0,0,0,0,1,0,0,0,0,0,0,0
784,62507191971,625,Sudan,1971,7,19,coup,0,1,0,0,1,1,0,0,0,0,0,0,0,0,1,0,0,0,0,0,0,0
785,62507221971,625,Sudan,1971,7,22,coup,0,1,0,0,1,0,1,0,0,0,0,0,1,0,0,0,1,0,0,0,0,0
786,62501261973,625,Sudan,1973,1,26,conspiracy,1,0,1,0,1,1,0,0,0,0,0,0,0,0,1,0,0,0,0,0,0,0
787,62509051975,625,Sudan,1975,9,5,attempted,1,0,0,1,1,0,0,0,0,0,0,0,0,0,1,0,0,0,0,0,0,0
788,62507021976,625,Sudan,1976,7,2,attempted,1,0,0,1,0,0,1,0,1,0,0,0,0,0,1,0,0,0,0,0,0,0
789,62502031977,625,Sudan,1977,2,3,attempted,1,0,0,1,1,0,0,0,0,0,0,0,0,0,1,0,0,0,0,0,0,0
790,62503191981,625,Sudan,1981,3,19,conspiracy,1,0,1,0,1,1,0,0,0,0,0,0,0,0,1,0,0,0,0,0,0,0
791,62504061985,625,Sudan,1985,4,6,coup,0,1,0,0,1,0,0,1,0,0,0,1,0,0,1,0,0,0,0,0,0,0
792,62509251985,625,Sudan,1985,9,25,attempted,1,0,0,1,1,1,0,0,0,0,0,0,0,0,1,0,0,0,0,0,0,0
793,62506301989,625,Sudan,1989,6,30,coup,0,1,0,0,1,0,0,0,0,0,0,0,0,0,1,0,0,1,0,0,0,0
794,62503291990,625,Sudan,1990,3,29,conspiracy,1,0,1,0,1,0,0,0,0,0,0,0,0,0,1,0,0,0,0,0,0,0
795,62504231990,625,Sudan,1990,4,23,attempted,1,0,0,1,1,0,0,0,0,0,0,0,0,0,1,0,0,0,0,0,0,0
796,62509121990,625,Sudan,1990,9,12,conspiracy,1,0,1,0,1,0,0,0,0,0,0,0,0,0,1,0,0,0,0,0,0,0
797,62508231991,625,Sudan,1991,8,23,conspiracy,1,0,1,0,1,1,0,0,0,0,0,0,0,0,1,0,0,0,0,0,0,0
798,62504151992,625,Sudan,1992,4,15,conspiracy,1,0,1,0,1,1,0,0,0,0,0,0,0,0,1,0,0,0,0,0,0,0
799,62503071996,625,Sudan,1996,3,7,conspiracy,1,0,1,0,1,0,0,0,0,0,0,0,0,0,1,0,0,0,0,0,0,0
800,62509252004,625,Sudan,2004,9,25,conspiracy,1,0,1,0,0,1,1,0,0,0,0,0,0,0,1,0,0,0,0,0,0,0
801,11502251980,115,Surinam,1980,2,25,coup,0,1,0,0,1,0,0,0,0,0,0,0,0,0,1,0,0,0,1,0,0,0
802,11505061980,115,Surinam,1980,5,6,attempted,1,0,0,1,0,0,0,0,0,0,1,1,0,0,1,0,0,0,0,0,0,0
803,11508151980,115,Surinam,1980,8,15,coup,0,1,0,0,0,0,0,1,0,1,0,0,0,0,1,0,0,1,0,0,0,0
804,11503151981,115,Surinam,1981,3,15,attempted,1,0,0,1,0,0,0,0,0,0,0,0,0,0,1,0,0,0,0,0,0,0
805,11503111982,115,Surinam,1982,3,11,attempted,1,0,0,1,1,0,0,0,0,0,0,0,0,0,1,0,0,0,0,0,0,0
806,11512081982,115,Surinam,1982,12,8,conspiracy,1,0,1,0,0,0,0,0,0,0,1,0,0,0,1,0,0,0,0,0,0,0
807,11501301983,115,Surinam,1983,1,30,conspiracy,1,0,1,0,0,1,0,1,0,0,0,0,0,0,1,0,0,0,0,0,0,0
808,11511251983,115,Surinam,1983,11,25,attempted,1,0,0,1,0,0,0,0,0,0,0,0,0,0,1,0,0,0,0,0,0,0
809,11507281986,115,Surinam,1986,7,28,conspiracy,1,0,1,0,0,1,0,0,0,0,0,0,0,0,1,0,0,0,0,0,0,0
810,11512241990,115,Surinam,1990,12,24,coup,0,1,0,0,1,0,0,0,0,0,1,0,0,0,1,0,0,0,0,0,0,0
811,57208101983,572,Swaziland,1983,8,10,coup,0,1,0,0,0,0,0,1,0,0,0,0,0,0,1,0,0,0,0,0,0,0
812,57212081983,572,Swaziland,1983,12,8,conspiracy,1,0,1,0,0,1,0,1,0,0,0,0,0,0,1,0,0,0,0,0,0,0
813,57203201984,572,Swaziland,1984,3,20,conspiracy,1,0,1,0,0,1,0,1,0,0,0,0,0,0,1,0,0,0,0,0,0,0
814,65203301949,652,Syria,1949,3,30,coup,0,1,0,0,1,0,0,0,1,0,0,0,0,0,1,0,0,0,1,0,0,1
815,65208141949,652,Syria,1949,8,14,coup,0,1,0,0,1,0,0,0,0,0,0,0,0,0,0,0,1,0,0,0,0,0
816,65212141949,652,Syria,1949,12,14,coup,0,1,0,0,1,0,0,0,0,0,0,0,0,0,1,0,0,1,0,0,0,0
817,65211291951,652,Syria,1951,11,29,coup,0,1,0,0,1,0,0,0,0,0,0,0,0,0,1,0,0,0,0,0,0,0
818,65212291952,652,Syria,1952,12,29,conspiracy,1,0,1,0,1,0,0,0,0,0,0,0,0,0,1,0,0,0,0,0,0,0
819,65202251954,652,Syria,1954,2,25,coup,0,1,0,0,1,0,1,0,0,0,0,0,0,0,1,0,0,0,0,0,1,0
820,65204221955,652,Syria,1955,4,22,conspiracy,1,0,1,0,1,1,0,0,1,0,0,0,0,0,1,0,0,0,0,0,0,0
821,65212261956,652,Syria,1956,12,26,conspiracy,1,0,1,0,0,1,0,0,0,0,1,0,0,0,1,0,0,0,0,0,0,0
822,65209281961,652,Syria,1961,9,28,coup,0,1,0,0,1,0,0,0,0,0,0,0,0,0,1,0,0,0,0,0,0,0
823,65203281962,652,Syria,1962,3,28,coup,0,1,0,0,1,0,0,0,0,0,0,0,0,0,1,0,0,0,0,0,0,0
824,65204131962,652,Syria,1962,4,13,coup,0,1,0,0,1,0,0,0,0,0,0,0,1,0,1,0,0,0,0,0,0,0
825,65207291962,652,Syria,1962,7,29,conspiracy,1,0,1,0,0,1,0,0,1,0,0,0,0,0,1,0,0,0,0,0,0,0
826,65203081963,652,Syria,1963,3,8,coup,0,1,0,0,1,1,0,0,0,0,0,0,0,0,1,0,0,0,1,0,0,0
827,65207181963,652,Syria,1963,7,18,attempted,1,0,0,1,1,1,0,0,1,0,0,0,0,0,1,0,0,0,0,0,0,0
828,65207271963,652,Syria,1963,7,27,coup,0,1,0,0,0,0,0,0,0,0,0,0,0,0,1,0,0,0,0,0,0,0
829,65202231966,652,Syria,1966,2,23,coup,0,1,0,0,1,0,0,1,0,0,0,0,0,0,0,1,0,0,1,0,0,0
830,65209081966,652,Syria,1966,9,8,attempted,1,0,0,1,1,0,0,0,0,0,0,0,0,0,1,0,0,0,0,0,0,0
831,65203011969,652,Syria,1969,3,1,coup,0,1,0,0,1,0,0,0,0,0,1,0,0,0,1,0,0,0,0,0,0,0
832,65211131970,652,Syria,1970,11,13,coup,0,1,0,0,0,0,0,0,0,0,0,0,0,0,1,0,0,0,0,0,0,0
833,65201061982,652,Syria,1982,1,6,attempted,1,0,0,1,0,1,0,0,0,0,0,0,0,0,1,0,0,0,0,0,0,0
834,65205101987,652,Syria,1987,5,10,conspiracy,1,0,1,0,1,0,0,0,0,0,0,0,0,0,1,0,0,0,0,0,0,0
835,70209231991,702,Tajikistan,1991,9,23,coup,0,1,0,0,0,0,0,1,0,0,0,0,0,0,1,0,0,0,0,0,0,0
836,70209071992,702,Tajikistan,1992,9,7,coup,0,1,0,0,0,0,1,0,0,0,1,1,0,0,1,0,0,0,0,0,0,0
837,70210251992,702,Tajikistan,1992,10,25,attempted,1,0,0,1,0,0,1,0,0,0,0,0,1,0,1,0,0,0,0,0,0,0
838,70211201992,702,Tajikistan,1992,11,20,coup,0,1,0,0,0,0,1,1,0,0,0,1,0,0,1,0,0,0,0,0,0,0
839,70208111997,702,Tajikistan,1997,8,11,attempted,1,0,0,1,1,0,1,0,0,0,0,0,0,0,1,0,0,0,0,0,0,0
840,51001191964,510,Tanzania,1964,1,19,attempted,1,0,0,1,1,0,0,0,0,0,0,1,0,0,1,0,0,0,0,0,0,0
841,51007211967,510,Tanzania,1967,7,21,conspiracy,1,0,1,0,0,1,0,0,0,0,0,0,0,0,1,0,0,0,0,0,0,0
842,51001131983,510,Tanzania,1983,1,13,conspiracy,1,0,1,0,1,1,0,0,0,0,0,0,0,0,1,0,0,0,0,0,0,0
843,80011081947,800,Thailand,1947,11,8,coup,0,1,0,0,1,0,0,0,0,0,0,0,0,0,1,0,0,0,0,0,0,0
844,80011161947,800,Thailand,1947,11,16,conspiracy,1,0,1,0,0,1,0,0,0,0,0,0,1,0,1,0,0,0,0,0,0,0
845,80006291951,800,Thailand,1951,6,29,attempted,1,0,0,1,1,0,0,0,0,0,0,0,0,0,0,1,0,0,0,0,0,0
846,80011291951,800,Thailand,1951,11,29,coup,0,1,0,0,1,0,0,0,0,0,1,0,0,0,1,0,0,0,0,0,0,0
847,80011101952,800,Thailand,1952,11,10,conspiracy,1,0,1,0,0,1,0,0,1,0,0,0,0,0,1,0,0,0,0,0,0,0
848,80008261953,800,Thailand,1953,8,26,conspiracy,1,0,1,0,1,1,0,0,0,0,0,0,0,0,1,0,0,0,0,0,0,0
849,80009161957,800,Thailand,1957,9,16,coup,0,1,0,0,1,0,0,0,0,0,0,1,0,0,1,0,0,0,0,0,1,0
850,80010201958,800,Thailand,1958,10,20,coup,0,1,0,0,1,0,0,0,0,0,0,0,0,0,1,0,0,0,0,0,0,0
851,80011171971,800,Thailand,1971,11,17,coup,0,1,0,0,1,0,0,0,0,1,0,0,0,0,1,0,0,0,0,0,0,0
852,80010141973,800,Thailand,1973,10,14,coup,0,1,0,0,0,0,0,0,0,0,0,1,0,0,1,0,0,0,0,0,1,0
853,80010061976,800,Thailand,1976,10,6,coup,0,1,0,0,1,0,0,0,0,0,0,0,0,0,1,0,0,0,0,0,0,0
854,80003261977,800,Thailand,1977,3,26,attempted,1,0,0,1,1,0,0,0,0,0,0,0,0,0,1,0,0,0,0,0,0,0
855,80010201977,800,Thailand,1977,10,20,coup,0,1,0,0,1,0,0,0,0,0,0,0,0,0,1,0,0,0,0,0,0,0
856,80004011981,800,Thailand,1981,4,1,attempted,1,0,0,1,1,0,0,0,0,0,0,0,0,0,1,0,0,0,0,0,0,0
857,80007041984,800,Thailand,1984,7,4,conspiracy,1,0,1,0,0,1,0,0,0,0,0,0,0,0,1,0,0,0,0,0,0,0
858,80009091985,800,Thailand,1985,9,9,attempted,1,0,0,1,1,0,0,0,0,0,0,0,0,0,1,0,0,0,0,0,0,0
859,80002231991,800,Thailand,1991,2,23,coup,0,1,0,0,1,0,0,0,0,0,0,0,0,0,1,0,0,0,0,0,0,0
860,46101131963,461,Togo,1963,1,13,coup,0,1,0,0,1,0,0,0,0,0,0,0,0,0,0,0,1,0,0,0,0,0
861,46104091963,461,Togo,1963,4,9,conspiracy,1,0,1,0,0,1,0,0,0,0,0,0,0,0,1,0,0,0,0,0,0,0
862,46107041964,461,Togo,1964,7,4,conspiracy,1,0,1,0,0,1,0,0,0,0,0,0,0,0,1,0,0,0,0,0,0,0
863,46101211965,461,Togo,1965,1,21,conspiracy,1,0,1,0,1,0,0,0,0,0,0,0,0,0,1,0,0,0,0,0,0,0
864,46111201966,461,Togo,1966,11,20,attempted,1,0,0,1,0,0,0,0,0,0,0,1,0,0,1,0,0,0,0,0,0,0
865,46101131967,461,Togo,1967,1,13,coup,0,1,0,0,1,0,0,0,0,0,0,0,0,0,1,0,0,0,0,0,0,0
866,46104141967,461,Togo,1967,4,14,coup,0,1,0,0,0,0,0,1,0,0,0,0,0,0,1,0,0,0,0,0,0,0
867,46108081970,461,Togo,1970,8,8,conspiracy,1,0,1,0,0,1,0,0,0,0,0,0,0,0,1,0,0,0,0,0,0,0
868,46109231986,461,Togo,1986,9,23,attempted,1,0,0,1,1,1,0,0,1,0,0,0,0,0,1,0,0,0,0,0,0,0
869,46108261991,461,Togo,1991,8,26,attempted,1,0,0,1,1,0,0,0,0,1,0,0,0,0,1,0,0,0,0,0,0,0
870,46110011991,461,Togo,1991,10,1,attempted,1,0,0,1,1,0,0,0,0,0,0,0,0,0,1,0,0,0,0,0,0,0
871,46110081991,461,Togo,1991,10,8,attempted,1,0,0,1,1,0,0,0,0,0,0,0,0,0,1,0,0,0,0,0,0,0
872,46111281991,461,Togo,1991,11,28,attempted,1,0,0,1,1,0,0,0,0,0,0,0,0,0,1,0,0,0,0,0,0,0
873,46112031991,461,Togo,1991,12,3,attempted,1,0,0,1,1,0,0,0,0,0,0,0,0,0,1,0,0,1,0,0,0,0
874,46102052005,461,Togo,2005,2,5,coup,0,1,0,0,1,0,0,0,0,0,0,0,0,0,1,0,0,0,0,0,0,0
875,5204211970,52,Trinidad and Tobago,1970,4,21,attempted,1,0,0,1,0,1,0,0,0,0,0,0,0,0,1,0,0,0,0,0,0,0
876,5207271990,52,Trinidad and Tobago,1990,7,27,attempted,1,0,0,1,0,1,0,0,0,0,0,0,0,0,1,0,0,0,0,0,0,0
877,61607251957,616,Tunisia,1957,7,25,coup,0,1,0,0,0,0,0,1,0,0,0,0,0,0,1,0,0,0,0,0,0,0
878,61612191962,616,Tunisia,1962,12,19,conspiracy,1,0,1,0,1,1,0,0,0,0,0,0,0,0,1,0,0,0,0,0,0,0
879,61611071987,616,Tunisia,1987,11,7,coup,0,1,0,0,0,0,0,1,0,0,0,0,0,0,1,0,0,0,0,0,0,0
880,61605221991,616,Tunisia,1991,5,22,conspiracy,1,0,1,0,1,1,0,0,0,0,0,0,0,0,1,0,0,0,0,0,0,0
881,64005271960,640,Turkey,1960,5,27,coup,0,1,0,0,1,0,0,0,0,0,0,0,0,0,0,0,1,0,1,1,0,0
882,64002221962,640,Turkey,1962,2,22,attempted,1,0,0,1,1,0,0,0,0,0,0,0,0,0,1,0,0,0,0,0,0,0
883,64005201963,640,Turkey,1963,5,20,attempted,1,0,0,1,1,1,0,0,0,0,0,0,0,0,1,0,0,0,0,0,0,0
884,64003121971,640,Turkey,1971,3,12,coup,0,1,0,0,1,0,0,0,0,0,1,0,0,0,1,0,0,0,0,0,0,0
885,64009101980,640,Turkey,1980,9,10,coup,0,1,0,0,1,0,0,0,0,0,0,1,0,0,1,0,0,0,0,0,0,0
886,64006301997,640,Turkey,1997,6,30,coup,0,1,0,0,1,0,0,0,0,0,1,0,0,0,1,0,0,0,0,0,0,0
887,70104142002,701,Turkmenistan,2002,4,14,conspiracy,1,0,1,0,0,1,0,0,0,0,0,0,0,0,1,0,0,0,0,0,0,0
888,50004151966,500,Uganda,1966,4,15,coup,0,1,0,0,0,0,0,0,0,1,0,0,0,0,1,0,0,0,0,0,0,0
889,50001251971,500,Uganda,1971,1,25,coup,0,1,0,0,1,0,0,0,1,0,0,0,0,0,1,0,0,0,0,0,1,0
890,50011111974,500,Uganda,1974,11,11,attempted,1,0,0,1,1,0,0,0,0,0,0,0,0,0,1,0,0,0,0,0,0,0
891,50003231974,500,Uganda,1974,3,23,attempted,1,0,0,1,1,1,0,0,0,0,0,0,0,0,1,0,0,0,0,0,0,0
892,50009091975,500,Uganda,1975,9,9,attempted,1,0,0,1,1,0,0,0,0,0,0,0,0,0,1,0,0,0,0,0,0,0
893,50004111979,500,Uganda,1979,4,11,coup,0,1,0,0,0,1,1,0,0,0,0,0,0,0,1,0,0,0,0,0,1,0
894,50005121980,500,Uganda,1980,5,12,coup,0,1,0,0,1,0,0,1,0,0,0,0,0,0,1,0,0,0,0,0,0,0
895,50007271985,500,Uganda,1985,7,27,coup,0,1,0,0,1,0,0,0,0,0,0,0,0,0,1,0,0,0,0,0,1,0
896,50001291986,500,Uganda,1986,1,29,coup,0,1,0,0,0,0,1,0,0,0,0,0,0,0,1,0,0,0,0,0,1,0
897,50009021986,500,Uganda,1986,9,2,conspiracy,1,0,1,0,0,1,0,0,0,0,0,0,0,0,1,0,0,0,0,0,0,0
898,50010081986,500,Uganda,1986,10,8,conspiracy,1,0,1,0,1,1,0,1,0,0,0,0,0,0,1,0,0,0,0,0,0,0
899,50001061987,500,Uganda,1987,1,6,conspiracy,1,0,1,0,0,1,0,0,0,0,0,0,0,0,1,0,0,0,0,0,0,0
900,69601241972,696,United Arab Emirates,1972,1,25,attempted,1,0,0,1,0,1,0,1,0,0,0,0,0,0,0,0,1,0,0,0,0,0
901,201211948,2,United States of America,1948,1,21,conspiracy,1,0,1,0,0,1,0,0,0,0,0,0,0,0,1,0,0,0,0,0,0,0
902,16502101973,165,Uruguay,1973,2,10,coup,0,1,0,0,1,0,0,0,0,0,0,0,0,0,1,0,0,0,0,0,0,0
903,16506271973,165,Uruguay,1973,6,27,coup,0,1,0,0,0,0,0,0,0,1,0,0,0,0,1,0,0,0,0,0,0,0
904,16506121976,165,Uruguay,1976,6,12,coup,0,1,0,0,1,0,0,1,0,0,0,0,0,0,1,0,0,0,0,0,0,0
907,10111011946,101,Venezuela,1946,11,1,conspiracy,1,0,1,0,0,1,0,0,0,0,0,0,0,0,1,0,0,0,0,0,0,0
908,10111231948,101,Venezuela,1948,11,23,coup,0,1,0,0,1,0,0,1,0,0,0,0,0,0,1,0,0,0,0,0,1,0
909,10109291952,101,Venezuela,1952,9,29,attempted,1,0,0,1,1,1,0,0,0,0,0,0,0,0,1,0,0,0,0,0,0,0
910,10101231958,101,Venezuela,1958,1,23,coup,0,1,0,0,1,0,0,1,0,0,0,1,0,0,1,0,0,0,0,0,1,0
911,10103181958,101,Venezuela,1958,3,18,conspiracy,1,0,1,0,0,1,0,0,0,0,0,0,0,0,1,0,0,0,0,0,0,0
912,10107221958,101,Venezuela,1958,7,22,attempted,1,0,0,1,1,0,0,0,0,0,0,0,0,0,1,0,0,0,0,0,0,0
913,10109071958,101,Venezuela,1958,9,7,attempted,1,0,0,1,1,0,0,0,0,0,0,0,0,0,1,0,0,0,0,0,0,0
914,10106241960,101,Venezuela,1960,6,24,attempted,1,0,0,1,1,1,0,0,1,0,0,0,0,0,0,1,0,0,0,0,0,0
915,10109121960,101,Venezuela,1960,9,12,attempted,1,0,0,1,1,0,0,0,0,0,0,0,0,0,1,0,0,0,0,0,0,0
916,10102201961,101,Venezuela,1961,2,20,attempted,1,0,0,1,1,1,0,0,0,0,0,0,0,0,1,0,0,0,0,0,0,0
917,10106261961,101,Venezuela,1961,6,26,attempted,1,0,0,1,1,0,0,0,0,0,0,0,0,0,1,0,0,0,0,0,0,0
918,10105041962,101,Venezuela,1962,5,4,attempted,1,0,0,1,1,1,0,0,0,0,0,0,0,0,1,0,0,0,0,0,0,0
919,10106021962,101,Venezuela,1962,6,2,attempted,1,0,0,1,1,0,0,0,0,0,0,0,0,0,1,0,0,0,0,0,0,0
920,10110301966,101,Venezuela,1966,10,30,attempted,1,0,0,1,1,0,0,0,0,0,0,0,0,0,1,0,0,0,0,0,0,0
921,10102041992,101,Venezuela,1992,2,4,attempted,1,0,0,1,1,0,0,0,0,0,0,1,0,0,1,0,0,0,0,0,0,0
922,10111271992,101,Venezuela,1992,11,27,attempted,1,0,0,1,1,0,0,0,0,0,0,0,0,0,1,0,0,0,0,0,0,0
923,10104122002,101,Venezuela,2002,4,12,coup,0,1,0,0,1,1,0,0,0,0,0,1,0,0,1,0,0,1,0,0,0,0
924,10104132002,101,Venezuela,2002,4,13,coup,0,1,0,0,1,0,0,0,0,0,0,1,1,0,1,0,0,1,0,0,1,0
925,67802171948,678,Yemen Arab Republic,1948,2,17,attempted,1,0,0,1,0,0,1,0,0,0,1,0,0,0,0,0,1,0,0,0,0,0
926,67804021955,678,Yemen Arab Republic,1955,4,2,attempted,1,0,0,1,1,0,0,1,0,0,0,0,0,0,1,0,0,0,0,0,0,0
927,67809271962,678,Yemen Arab Republic,1962,9,27,coup,0,1,0,0,1,0,0,0,0,0,0,0,0,0,1,0,0,0,0,0,1,0
928,67811051967,678,Yemen Arab Republic,1967,11,5,coup,0,1,0,0,1,1,0,0,0,0,0,0,0,0,1,0,0,0,0,0,0,0
929,67806131974,678,Yemen Arab Republic,1974,6,13,coup,0,1,0,0,1,0,0,0,0,0,0,0,0,0,1,0,0,0,0,0,0,1
930,67810151978,678,Yemen Arab Republic,1978,10,15,attempted,1,0,0,1,1,1,0,0,0,0,0,0,0,0,1,0,0,0,0,0,0,0
931,68003201968,680,Yemen PDR,1968,3,20,attempted,1,0,0,1,0,1,0,0,0,0,0,0,0,0,1,0,0,0,0,0,0,0
932,68008311968,680,Yemen PDR,1968,8,31,attempted,1,0,0,1,1,0,0,0,0,0,0,0,0,0,1,0,0,0,0,0,0,0
933,68006221969,680,Yemen PDR,1969,6,22,coup,0,1,0,0,0,0,0,1,0,0,1,0,0,0,1,0,0,1,1,0,0,0
934,68006261978,680,Yemen PDR,1978,6,26,coup,0,1,0,0,0,0,0,0,0,0,0,0,0,0,0,0,1,0,0,0,0,0
935,68004021980,680,Yemen PDR,1980,4,2,coup,0,1,0,0,0,0,0,1,0,0,1,0,0,0,1,0,0,0,0,0,1,0
936,68001131986,680,Yemen PDR,1986,1,13,coup,0,1,0,0,1,0,1,0,0,0,1,0,0,0,1,0,0,0,0,0,0,1
937,55110161980,551,Zambia,1980,10,16,conspiracy,1,0,1,0,1,1,0,0,1,0,0,0,0,0,1,0,0,0,0,0,0,0
938,55106141981,551,Zambia,1981,6,14,conspiracy,1,0,1,0,0,1,0,0,0,0,0,0,0,0,1,0,0,0,0,0,0,0
939,55110071988,551,Zambia,1988,10,7,conspiracy,1,0,1,0,1,1,0,0,0,0,0,0,0,0,1,0,0,0,0,0,0,0
940,55106301990,551,Zambia,1990,6,30,attempted,1,0,0,1,1,0,0,0,0,0,0,0,0,0,1,0,0,0,0,0,0,0
941,55110281997,551,Zambia,1997,10,28,attempted,1,0,0,1,1,0,0,0,0,0,0,0,0,0,1,0,0,0,0,0,0,0
942,55201111999,552,Zimbabwe,1999,1,11,conspiracy,1,0,1,0,1,0,0,0,0,0,0,0,0,0,1,0,0,0,0,0,0,0
